time,dangjin_floating,dangjin_warehouse,dangjin,ulsan
2021-02-01 1:00,1.1515385e-06,0.0001454592,0.00039676877,3.5938574e-06
2021-02-01 2:00,1.1515385e-06,0.0001454592,0.00039676877,3.5938574e-06
2021-02-01 3:00,1.1515385e-06,0.0001454592,0.00039676877,3.5938574e-06
2021-02-01 4:00,1.1515385e-06,0.0001454592,0.00039676877,3.5938574e-06
2021-02-01 5:00,1.1515385e-06,0.0001454592,0.00039676877,3.5938574e-06
2021-02-01 6:00,1.1515385e-06,0.0001454592,0.00039676877,3.5938574e-06
2021-02-01 7:00,1.1515385e-06,0.0001454592,0.00039676877,3.5938574e-06
2021-02-01 8:00,1.1515385e-06,8.527546,7.7552004,6.1456165
2021-02-01 9:00,6.8985934,24.543192,29.687784,5.3572235
2021-02-01 10:00,35.19888,36.46269,51.861507,16.99166
2021-02-01 11:00,202.69156,106.81118,165.57127,66.068115
2021-02-01 12:00,301.9707,173.48541,320.96423,112.290474
2021-02-01 13:00,268.70245,166.51007,272.93646,139.76274
2021-02-01 14:00,84.87416,66.81747,99.70549,74.303604
2021-02-01 15:00,256.7435,116.791626,205.09624,121.90069
2021-02-01 16:00,208.23701,135.63239,203.38931,77.85672
2021-02-01 17:00,50.829052,52.63105,78.016525,74.05423
2021-02-01 18:00,6.899733,19.23164,36.547974,79.046196
2021-02-01 19:00,1.1515385e-06,0.0001454592,0.00039676877,3.5938574e-06
2021-02-01 20:00,1.1515385e-06,0.0001454592,0.00039676877,3.5938574e-06
2021-02-01 21:00,1.1515385e-06,0.0001454592,0.00039676877,3.5938574e-06
2021-02-01 22:00,1.1515385e-06,0.0001454592,0.00039676877,3.5938574e-06
2021-02-01 23:00,1.1515385e-06,0.0001454592,0.00039676877,3.5938574e-06
2021-02-02 0:00,1.1515385e-06,0.0001454592,0.00039676877,3.5938574e-06
2021-02-02 1:00,1.1515385e-06,0.0001454592,0.00039676877,3.5938574e-06
2021-02-02 2:00,1.1515385e-06,0.0001454592,0.00039676877,3.5938574e-06
2021-02-02 3:00,1.1515385e-06,0.0001454592,0.00039676877,3.5938574e-06
2021-02-02 4:00,1.1515385e-06,0.0001454592,0.00039676877,3.5938574e-06
2021-02-02 5:00,1.1515385e-06,0.0001454592,0.00039676877,3.5938574e-06
2021-02-02 6:00,1.1515385e-06,0.0001454592,0.00039676877,3.5938574e-06
2021-02-02 7:00,1.1515385e-06,0.0001454592,0.00039676877,3.5938574e-06
2021-02-02 8:00,1.1515385e-06,0.0001454592,0.00039676877,3.5938574e-06
2021-02-02 9:00,40.940887,12.694723,43.52555,61.17886
2021-02-02 10:00,168.69525,95.74032,218.06776,165.57083
2021-02-02 11:00,424.73306,275.01376,352.70004,233.00482
2021-02-02 12:00,600.6354,386.52576,495.6954,293.7368
2021-02-02 13:00,637.664,436.41995,575.0485,313.23267
2021-02-02 14:00,641.0085,435.73807,577.5211,300.84512
2021-02-02 15:00,620.06976,403.36435,552.0679,281.40067
2021-02-02 16:00,495.35712,346.4205,432.75436,194.65164
2021-02-02 17:00,76.18404,104.202644,170.00067,132.9406
2021-02-02 18:00,16.707113,48.30867,39.658348,37.773388
2021-02-02 19:00,1.1515385e-06,0.0001454592,0.00039676877,3.5938574e-06
2021-02-02 20:00,1.1515385e-06,0.0001454592,0.00039676877,3.5938574e-06
2021-02-02 21:00,1.1515385e-06,0.0001454592,0.00039676877,3.5938574e-06
2021-02-02 22:00,1.1515385e-06,0.0001454592,0.00039676877,3.5938574e-06
2021-02-02 23:00,1.1515385e-06,0.0001454592,0.00039676877,3.5938574e-06
2021-02-03 0:00,1.1515385e-06,0.0001454592,0.00039676877,3.5938574e-06
2021-02-03 1:00,1.1515385e-06,0.0001454592,0.00039676877,3.5938574e-06
2021-02-03 2:00,1.1515385e-06,0.0001454592,0.00039676877,3.5938574e-06
2021-02-03 3:00,1.1515385e-06,0.0001454592,0.00039676877,3.5938574e-06
2021-02-03 4:00,1.1515385e-06,0.0001454592,0.00039676877,3.5938574e-06
2021-02-03 5:00,1.1515385e-06,0.0001454592,0.00039676877,3.5938574e-06
2021-02-03 6:00,1.1515385e-06,0.0001454592,0.00039676877,3.5938574e-06
2021-02-03 7:00,1.1515385e-06,0.0001454592,0.00039676877,3.5938574e-06
2021-02-03 8:00,1.1515385e-06,0.0001454592,0.5873538,0.61311644
2021-02-03 9:00,50.818703,34.43041,53.038544,33.836903
2021-02-03 10:00,252.49846,150.18257,261.97623,153.06462
2021-02-03 11:00,489.69092,333.87592,472.20422,231.85889
2021-02-03 12:00,590.7442,384.00998,549.4209,241.13951
2021-02-03 13:00,630.06226,428.42102,586.30316,294.3884
2021-02-03 14:00,623.16675,424.26624,583.0634,298.0867
2021-02-03 15:00,482.73178,331.23697,469.31583,201.30128
2021-02-03 16:00,333.01544,261.95972,343.80133,195.40067
2021-02-03 17:00,207.78087,160.60403,245.00763,115.312546
2021-02-03 18:00,23.110996,44.399845,48.883854,39.837215
2021-02-03 19:00,1.1515385e-06,0.0001454592,0.00039676877,3.5938574e-06
2021-02-03 20:00,1.1515385e-06,0.0001454592,0.00039676877,3.5938574e-06
2021-02-03 21:00,1.1515385e-06,0.0001454592,0.00039676877,3.5938574e-06
2021-02-03 22:00,1.1515385e-06,0.0001454592,0.00039676877,3.5938574e-06
2021-02-03 23:00,1.1515385e-06,0.0001454592,0.00039676877,3.5938574e-06
2021-02-04 0:00,1.1515385e-06,0.0001454592,0.00039676877,3.5938574e-06
2021-02-04 1:00,1.1515385e-06,0.0001454592,0.00039676877,3.5938574e-06
2021-02-04 2:00,1.1515385e-06,0.0001454592,0.00039676877,3.5938574e-06
2021-02-04 3:00,1.1515385e-06,0.0001454592,0.00039676877,3.5938574e-06
2021-02-04 4:00,1.1515385e-06,0.0001454592,0.00039676877,3.5938574e-06
2021-02-04 5:00,1.1515385e-06,0.0001454592,0.00039676877,3.5938574e-06
2021-02-04 6:00,1.1515385e-06,0.0001454592,0.00039676877,3.5938574e-06
2021-02-04 7:00,1.1515385e-06,0.0001454592,0.00039676877,3.5938574e-06
2021-02-04 8:00,1.1515385e-06,0.0001454592,0.15289775,3.5938574e-06
2021-02-04 9:00,45.214226,32.627605,60.620365,46.91194
2021-02-04 10:00,218.86116,138.12111,217.74529,154.04485
2021-02-04 11:00,389.13095,261.2701,346.01645,227.81448
2021-02-04 12:00,567.0572,374.80438,491.2708,253.04
2021-02-04 13:00,633.1843,430.76315,569.2056,303.05878
2021-02-04 14:00,636.9614,438.6758,579.37256,305.7858
2021-02-04 15:00,621.52295,419.28995,561.2507,290.83792
2021-02-04 16:00,506.61707,346.07608,432.88,223.7673
2021-02-04 17:00,278.70892,188.30844,275.4945,152.77368
2021-02-04 18:00,29.215645,53.58307,81.07687,38.451313
2021-02-04 19:00,1.1515385e-06,0.0001454592,0.00039676877,3.5938574e-06
2021-02-04 20:00,1.1515385e-06,0.0001454592,0.00039676877,3.5938574e-06
2021-02-04 21:00,1.1515385e-06,0.0001454592,0.00039676877,3.5938574e-06
2021-02-04 22:00,1.1515385e-06,0.0001454592,0.00039676877,3.5938574e-06
2021-02-04 23:00,1.1515385e-06,0.0001454592,0.00039676877,3.5938574e-06
2021-02-05 0:00,1.1515385e-06,0.0001454592,0.00039676877,3.5938574e-06
2021-02-05 1:00,1.1515385e-06,0.0001454592,0.00039676877,3.5938574e-06
2021-02-05 2:00,1.1515385e-06,0.0001454592,0.00039676877,3.5938574e-06
2021-02-05 3:00,1.1515385e-06,0.0001454592,0.00039676877,3.5938574e-06
2021-02-05 4:00,1.1515385e-06,0.0001454592,0.00039676877,3.5938574e-06
2021-02-05 5:00,1.1515385e-06,0.0001454592,0.00039676877,3.5938574e-06
2021-02-05 6:00,1.1515385e-06,0.0001454592,0.00039676877,3.5938574e-06
2021-02-05 7:00,1.1515385e-06,0.0001454592,0.00039676877,3.5938574e-06
2021-02-05 8:00,1.1515385e-06,0.39592478,1.8561996,0.74059105
2021-02-05 9:00,10.714553,30.506338,38.127403,19.357325
2021-02-05 10:00,145.01303,91.827156,106.021996,84.94997
2021-02-05 11:00,228.36539,126.047874,214.04747,130.43419
2021-02-05 12:00,322.74982,231.42699,334.6352,146.37767
2021-02-05 13:00,551.0481,391.53302,565.6505,261.06873
2021-02-05 14:00,505.2432,356.94717,534.81915,149.61127
2021-02-05 15:00,450.30878,320.50174,450.12067,169.26141
2021-02-05 16:00,340.97034,230.37671,328.61823,166.40038
2021-02-05 17:00,204.58037,164.33028,230.88028,141.71065
2021-02-05 18:00,32.926014,39.61355,57.89708,38.531033
2021-02-05 19:00,1.1515385e-06,0.0001454592,0.00039676877,3.5938574e-06
2021-02-05 20:00,1.1515385e-06,0.0001454592,0.00039676877,3.5938574e-06
2021-02-05 21:00,1.1515385e-06,0.0001454592,0.00039676877,3.5938574e-06
2021-02-05 22:00,1.1515385e-06,0.0001454592,0.00039676877,3.5938574e-06
2021-02-05 23:00,1.1515385e-06,0.0001454592,0.00039676877,3.5938574e-06
2021-02-06 0:00,1.1515385e-06,0.0001454592,0.00039676877,3.5938574e-06
2021-02-06 1:00,1.1515385e-06,0.0001454592,0.00039676877,3.5938574e-06
2021-02-06 2:00,1.1515385e-06,0.0001454592,0.00039676877,3.5938574e-06
2021-02-06 3:00,1.1515385e-06,0.0001454592,0.00039676877,3.5938574e-06
2021-02-06 4:00,1.1515385e-06,0.0001454592,0.00039676877,3.5938574e-06
2021-02-06 5:00,1.1515385e-06,0.0001454592,0.00039676877,3.5938574e-06
2021-02-06 6:00,1.1515385e-06,0.0001454592,0.00039676877,3.5938574e-06
2021-02-06 7:00,1.1515385e-06,0.0001454592,0.00039676877,3.5938574e-06
2021-02-06 8:00,1.1515385e-06,3.3705833,4.5866175,1.216638
2021-02-06 9:00,12.2045765,25.344154,30.200615,10.8281
2021-02-06 10:00,27.869713,34.24148,46.159443,18.620024
2021-02-06 11:00,56.142357,49.003757,61.716805,37.552402
2021-02-06 12:00,93.13369,79.41497,109.08926,68.682335
2021-02-06 13:00,149.24974,97.02176,146.79736,77.138985
2021-02-06 14:00,189.67503,111.16598,171.66057,85.112686
2021-02-06 15:00,268.99722,167.54102,256.71988,134.70453
2021-02-06 16:00,162.89159,114.923744,177.8467,68.49257
2021-02-06 17:00,52.253975,44.288048,111.411476,101.844604
2021-02-06 18:00,7.8431706,28.51063,58.283855,49.311684
2021-02-06 19:00,1.1515385e-06,0.0001454592,0.00039676877,3.5938574e-06
2021-02-06 20:00,1.1515385e-06,0.0001454592,0.00039676877,3.5938574e-06
2021-02-06 21:00,1.1515385e-06,0.0001454592,0.00039676877,3.5938574e-06
2021-02-06 22:00,1.1515385e-06,0.0001454592,0.00039676877,3.5938574e-06
2021-02-06 23:00,1.1515385e-06,0.0001454592,0.00039676877,3.5938574e-06
2021-02-07 0:00,1.1515385e-06,0.0001454592,0.00039676877,3.5938574e-06
2021-02-07 1:00,1.1515385e-06,0.0001454592,0.00039676877,3.5938574e-06
2021-02-07 2:00,1.1515385e-06,0.0001454592,0.00039676877,3.5938574e-06
2021-02-07 3:00,1.1515385e-06,0.0001454592,0.00039676877,3.5938574e-06
2021-02-07 4:00,1.1515385e-06,0.0001454592,0.00039676877,3.5938574e-06
2021-02-07 5:00,1.1515385e-06,0.0001454592,0.00039676877,3.5938574e-06
2021-02-07 6:00,1.1515385e-06,0.0001454592,0.00039676877,3.5938574e-06
2021-02-07 7:00,1.1515385e-06,0.0001454592,0.00039676877,3.5938574e-06
2021-02-07 8:00,1.1515385e-06,7.1965704,6.7263737,0.42759237
2021-02-07 9:00,0.73142135,20.90518,18.987352,4.107246
2021-02-07 10:00,26.907633,34.027733,47.249317,14.104391
2021-02-07 11:00,86.426834,65.96347,94.0092,42.94046
2021-02-07 12:00,87.38328,68.067245,95.92224,43.387604
2021-02-07 13:00,240.08568,121.72631,220.9167,78.37646
2021-02-07 14:00,494.43716,330.37973,479.7134,201.37059
2021-02-07 15:00,542.999,360.43958,489.44675,229.76096
2021-02-07 16:00,435.3524,290.1228,361.9307,183.80745
2021-02-07 17:00,207.8206,148.29382,217.80254,152.2625
2021-02-07 18:00,0.7644932,31.470398,35.044807,24.895872
2021-02-07 19:00,1.1515385e-06,0.0001454592,0.00039676877,3.5938574e-06
2021-02-07 20:00,1.1515385e-06,0.0001454592,0.00039676877,3.5938574e-06
2021-02-07 21:00,1.1515385e-06,0.0001454592,0.00039676877,3.5938574e-06
2021-02-07 22:00,1.1515385e-06,0.0001454592,0.00039676877,3.5938574e-06
2021-02-07 23:00,1.1515385e-06,0.0001454592,0.00039676877,3.5938574e-06
2021-02-08 0:00,1.1515385e-06,0.0001454592,0.00039676877,3.5938574e-06
2021-02-08 1:00,1.1515385e-06,0.0001454592,0.00039676877,3.5938574e-06
2021-02-08 2:00,1.1515385e-06,0.0001454592,0.00039676877,3.5938574e-06
2021-02-08 3:00,1.1515385e-06,0.0001454592,0.00039676877,3.5938574e-06
2021-02-08 4:00,1.1515385e-06,0.0001454592,0.00039676877,3.5938574e-06
2021-02-08 5:00,1.1515385e-06,0.0001454592,0.00039676877,3.5938574e-06
2021-02-08 6:00,1.1515385e-06,0.0001454592,0.00039676877,3.5938574e-06
2021-02-08 7:00,1.1515385e-06,0.0001454592,0.00039676877,3.5938574e-06
2021-02-08 8:00,1.1515385e-06,0.0001454592,0.39272094,3.5938574e-06
2021-02-08 9:00,40.011948,13.011567,40.49134,56.44878
2021-02-08 10:00,200.56895,109.97786,223.27467,171.91966
2021-02-08 11:00,452.12613,294.0176,357.37653,235.62886
2021-02-08 12:00,619.6681,407.28363,506.06635,294.85892
2021-02-08 13:00,641.6211,440.46307,573.969,306.6887
2021-02-08 14:00,645.0683,445.0577,584.3735,308.89355
2021-02-08 15:00,628.2835,430.4609,567.8888,290.01413
2021-02-08 16:00,511.54834,353.9785,444.07376,232.09016
2021-02-08 17:00,343.29718,202.63956,278.9393,161.60918
2021-02-08 18:00,35.96925,50.250557,82.54108,37.75483
2021-02-08 19:00,1.1515385e-06,0.0001454592,0.08524315,3.5938574e-06
2021-02-08 20:00,1.1515385e-06,0.0001454592,0.00039676877,3.5938574e-06
2021-02-08 21:00,1.1515385e-06,0.0001454592,0.00039676877,3.5938574e-06
2021-02-08 22:00,1.1515385e-06,0.0001454592,0.00039676877,3.5938574e-06
2021-02-08 23:00,1.1515385e-06,0.0001454592,0.00039676877,3.5938574e-06
2021-02-09 0:00,1.1515385e-06,0.0001454592,0.00039676877,3.5938574e-06
2021-02-09 1:00,1.1515385e-06,0.0001454592,0.00039676877,3.5938574e-06
2021-02-09 2:00,1.1515385e-06,0.0001454592,0.00039676877,3.5938574e-06
2021-02-09 3:00,1.1515385e-06,0.0001454592,0.00039676877,3.5938574e-06
2021-02-09 4:00,1.1515385e-06,0.0001454592,0.00039676877,3.5938574e-06
2021-02-09 5:00,1.1515385e-06,0.0001454592,0.00039676877,3.5938574e-06
2021-02-09 6:00,1.1515385e-06,0.0001454592,0.00039676877,3.5938574e-06
2021-02-09 7:00,1.1515385e-06,0.0001454592,0.00039676877,3.5938574e-06
2021-02-09 8:00,1.1515385e-06,0.0001454592,0.6903738,0.40433028
2021-02-09 9:00,50.1247,37.710476,53.249916,35.642586
2021-02-09 10:00,244.44926,158.87787,240.2049,166.47025
2021-02-09 11:00,419.04752,299.39066,364.76852,236.19736
2021-02-09 12:00,550.61926,364.0031,498.38318,243.02159
2021-02-09 13:00,621.175,415.16418,565.12317,295.56372
2021-02-09 14:00,621.58325,422.7444,575.93164,303.39154
2021-02-09 15:00,559.1266,382.97177,554.21246,279.93286
2021-02-09 16:00,460.4822,322.7164,442.89096,227.09137
2021-02-09 17:00,272.39813,182.36165,279.4117,155.09221
2021-02-09 18:00,55.09848,58.547848,101.95717,48.94793
2021-02-09 19:00,1.1515385e-06,0.0001454592,0.08540924,3.5938574e-06
2021-02-09 20:00,1.1515385e-06,0.0001454592,0.00039676877,3.5938574e-06
2021-02-09 21:00,1.1515385e-06,0.0001454592,0.00039676877,3.5938574e-06
2021-02-09 22:00,1.1515385e-06,0.0001454592,0.00039676877,3.5938574e-06
2021-02-09 23:00,1.1515385e-06,0.0001454592,0.00039676877,3.5938574e-06
2021-02-10 0:00,1.1515385e-06,0.0001454592,0.00039676877,3.5938574e-06
2021-02-10 1:00,1.1515385e-06,0.0001454592,0.00039676877,3.5938574e-06
2021-02-10 2:00,1.1515385e-06,0.0001454592,0.00039676877,3.5938574e-06
2021-02-10 3:00,1.1515385e-06,0.0001454592,0.00039676877,3.5938574e-06
2021-02-10 4:00,1.1515385e-06,0.0001454592,0.00039676877,3.5938574e-06
2021-02-10 5:00,1.1515385e-06,0.0001454592,0.00039676877,3.5938574e-06
2021-02-10 6:00,1.1515385e-06,0.0001454592,0.00039676877,3.5938574e-06
2021-02-10 7:00,1.1515385e-06,0.0001454592,0.00039676877,3.5938574e-06
2021-02-10 8:00,1.1515385e-06,1.5422364,2.848803,0.54610956
2021-02-10 9:00,11.78274,30.228859,33.792675,13.038968
2021-02-10 10:00,164.13373,101.26192,118.7297,59.764103
2021-02-10 11:00,257.48907,151.46445,245.9207,138.12689
2021-02-10 12:00,346.212,260.5991,352.80582,153.54115
2021-02-10 13:00,362.66534,262.356,364.93637,170.49597
2021-02-10 14:00,271.48013,196.0488,300.85968,205.02882
2021-02-10 15:00,259.4667,179.82889,269.51608,177.70508
2021-02-10 16:00,248.86226,191.37335,254.66681,194.40756
2021-02-10 17:00,109.9409,124.07143,166.00887,147.33699
2021-02-10 18:00,8.195891,23.134949,41.046497,46.325394
2021-02-10 19:00,1.1515385e-06,0.0001454592,0.00039676877,3.5938574e-06
2021-02-10 20:00,1.1515385e-06,0.0001454592,0.00039676877,3.5938574e-06
2021-02-10 21:00,1.1515385e-06,0.0001454592,0.00039676877,3.5938574e-06
2021-02-10 22:00,1.1515385e-06,0.0001454592,0.00039676877,3.5938574e-06
2021-02-10 23:00,1.1515385e-06,0.0001454592,0.00039676877,3.5938574e-06
2021-02-11 0:00,1.1515385e-06,0.0001454592,0.00039676877,3.5938574e-06
2021-02-11 1:00,1.1515385e-06,0.0001454592,0.00039676877,3.5938574e-06
2021-02-11 2:00,1.1515385e-06,0.0001454592,0.00039676877,3.5938574e-06
2021-02-11 3:00,1.1515385e-06,0.0001454592,0.00039676877,3.5938574e-06
2021-02-11 4:00,1.1515385e-06,0.0001454592,0.00039676877,3.5938574e-06
2021-02-11 5:00,1.1515385e-06,0.0001454592,0.00039676877,3.5938574e-06
2021-02-11 6:00,1.1515385e-06,0.0001454592,0.00039676877,3.5938574e-06
2021-02-11 7:00,1.1515385e-06,0.0001454592,0.00039676877,3.5938574e-06
2021-02-11 8:00,1.1515385e-06,6.374021,6.1762395,0.71592027
2021-02-11 9:00,12.937565,29.939734,35.58883,6.392028
2021-02-11 10:00,155.66525,98.53553,113.86718,40.36968
2021-02-11 11:00,308.62442,175.20743,292.20282,119.18542
2021-02-11 12:00,461.72562,321.3209,432.73428,200.81342
2021-02-11 13:00,564.4285,388.2687,518.11694,263.74777
2021-02-11 14:00,543.2797,367.28146,480.58182,242.07193
2021-02-11 15:00,506.45938,352.17468,444.97937,231.53867
2021-02-11 16:00,370.9064,261.30368,348.8213,153.59833
2021-02-11 17:00,109.31728,114.3612,180.3546,72.498474
2021-02-11 18:00,1.1515385e-06,14.244934,13.690965,8.871639
2021-02-11 19:00,1.1515385e-06,0.0001454592,0.00039676877,3.5938574e-06
2021-02-11 20:00,1.1515385e-06,0.0001454592,0.00039676877,3.5938574e-06
2021-02-11 21:00,1.1515385e-06,0.0001454592,0.00039676877,3.5938574e-06
2021-02-11 22:00,1.1515385e-06,0.0001454592,0.00039676877,3.5938574e-06
2021-02-11 23:00,1.1515385e-06,0.0001454592,0.00039676877,3.5938574e-06
2021-02-12 0:00,1.1515385e-06,0.0001454592,0.00039676877,3.5938574e-06
2021-02-12 1:00,1.1515385e-06,0.0001454592,0.00039676877,3.5938574e-06
2021-02-12 2:00,1.1515385e-06,0.0001454592,0.00039676877,3.5938574e-06
2021-02-12 3:00,1.1515385e-06,0.0001454592,0.00039676877,3.5938574e-06
2021-02-12 4:00,1.1515385e-06,0.0001454592,0.00039676877,3.5938574e-06
2021-02-12 5:00,1.1515385e-06,0.0001454592,0.00039676877,3.5938574e-06
2021-02-12 6:00,1.1515385e-06,0.0001454592,0.00039676877,3.5938574e-06
2021-02-12 7:00,1.1515385e-06,0.0001454592,0.00039676877,3.5938574e-06
2021-02-12 8:00,1.1515385e-06,3.0449994,3.6967785,0.6516519
2021-02-12 9:00,21.27541,34.504456,45.59794,12.290073
2021-02-12 10:00,228.6232,143.0124,214.60672,94.05887
2021-02-12 11:00,341.9447,260.02658,339.3988,194.32886
2021-02-12 12:00,481.33643,331.24985,407.1315,227.72397
2021-02-12 13:00,562.4894,389.53625,512.99146,279.83835
2021-02-12 14:00,569.1973,398.89554,532.75446,302.59283
2021-02-12 15:00,525.4358,356.5762,489.2663,292.40646
2021-02-12 16:00,416.07675,270.74323,358.94308,222.00339
2021-02-12 17:00,209.05144,164.67499,237.55154,154.47958
2021-02-12 18:00,13.009765,40.35329,44.224228,28.286798
2021-02-12 19:00,1.1515385e-06,0.0001454592,0.46337292,3.5938574e-06
2021-02-12 20:00,1.1515385e-06,0.0001454592,0.00039676877,3.5938574e-06
2021-02-12 21:00,1.1515385e-06,0.0001454592,0.00039676877,3.5938574e-06
2021-02-12 22:00,1.1515385e-06,0.0001454592,0.00039676877,3.5938574e-06
2021-02-12 23:00,1.1515385e-06,0.0001454592,0.00039676877,3.5938574e-06
2021-02-13 0:00,1.1515385e-06,0.0001454592,0.00039676877,3.5938574e-06
2021-02-13 1:00,1.1515385e-06,0.0001454592,0.00039676877,3.5938574e-06
2021-02-13 2:00,1.1515385e-06,0.0001454592,0.00039676877,3.5938574e-06
2021-02-13 3:00,1.1515385e-06,0.0001454592,0.00039676877,3.5938574e-06
2021-02-13 4:00,1.1515385e-06,0.0001454592,0.00039676877,3.5938574e-06
2021-02-13 5:00,1.1515385e-06,0.0001454592,0.00039676877,3.5938574e-06
2021-02-13 6:00,1.1515385e-06,0.0001454592,0.00039676877,3.5938574e-06
2021-02-13 7:00,1.1515385e-06,0.0001454592,0.00039676877,3.5938574e-06
2021-02-13 8:00,1.1515385e-06,1.8099496,3.0083745,0.5524233
2021-02-13 9:00,27.493092,36.80392,52.441536,13.177868
2021-02-13 10:00,239.26155,166.75423,252.74425,81.29761
2021-02-13 11:00,350.84293,261.3401,342.66528,196.14961
2021-02-13 12:00,516.55383,355.10553,468.58066,229.97893
2021-02-13 13:00,584.34735,402.07233,502.73752,295.92157
2021-02-13 14:00,583.37866,407.55167,532.51666,302.93686
2021-02-13 15:00,529.0135,362.46286,474.94812,295.35788
2021-02-13 16:00,415.8517,271.87024,359.41595,226.86313
2021-02-13 17:00,235.74133,173.7987,247.51265,156.17484
2021-02-13 18:00,29.794067,43.742622,63.011566,32.278507
2021-02-13 19:00,1.1515385e-06,0.0001454592,0.7385412,3.5938574e-06
2021-02-13 20:00,1.1515385e-06,0.0001454592,0.00039676877,3.5938574e-06
2021-02-13 21:00,1.1515385e-06,0.0001454592,0.00039676877,3.5938574e-06
2021-02-13 22:00,1.1515385e-06,0.0001454592,0.00039676877,3.5938574e-06
2021-02-13 23:00,1.1515385e-06,0.0001454592,0.00039676877,3.5938574e-06
2021-02-14 0:00,1.1515385e-06,0.0001454592,0.00039676877,3.5938574e-06
2021-02-14 1:00,1.1515385e-06,0.0001454592,0.00039676877,3.5938574e-06
2021-02-14 2:00,1.1515385e-06,0.0001454592,0.00039676877,3.5938574e-06
2021-02-14 3:00,1.1515385e-06,0.0001454592,0.00039676877,3.5938574e-06
2021-02-14 4:00,1.1515385e-06,0.0001454592,0.00039676877,3.5938574e-06
2021-02-14 5:00,1.1515385e-06,0.0001454592,0.00039676877,3.5938574e-06
2021-02-14 6:00,1.1515385e-06,0.0001454592,0.00039676877,3.5938574e-06
2021-02-14 7:00,1.1515385e-06,0.0001454592,0.00039676877,3.5938574e-06
2021-02-14 8:00,1.1515385e-06,3.4324827,4.3801465,0.3860556
2021-02-14 9:00,18.153524,32.615284,34.9295,9.3664665
2021-02-14 10:00,106.890144,99.1782,104.29207,67.48213
2021-02-14 11:00,265.4178,176.82643,246.17644,172.9193
2021-02-14 12:00,283.31732,198.41461,279.67642,173.94347
2021-02-14 13:00,271.10745,174.28706,242.34383,163.39774
2021-02-14 14:00,212.1545,127.12538,190.35173,143.57614
2021-02-14 15:00,200.98306,126.41338,216.97116,155.62248
2021-02-14 16:00,193.67485,161.578,229.32307,124.9005
2021-02-14 17:00,42.41332,47.086746,58.875008,36.464954
2021-02-14 18:00,1.1515385e-06,8.361105,11.954404,4.340104
2021-02-14 19:00,1.1515385e-06,0.0001454592,0.00039676877,3.5938574e-06
2021-02-14 20:00,1.1515385e-06,0.0001454592,0.00039676877,3.5938574e-06
2021-02-14 21:00,1.1515385e-06,0.0001454592,0.00039676877,3.5938574e-06
2021-02-14 22:00,1.1515385e-06,0.0001454592,0.00039676877,3.5938574e-06
2021-02-14 23:00,1.1515385e-06,0.0001454592,0.00039676877,3.5938574e-06
2021-02-15 0:00,1.1515385e-06,0.0001454592,0.00039676877,3.5938574e-06
2021-02-15 1:00,1.1515385e-06,0.0001454592,0.00039676877,3.5938574e-06
2021-02-15 2:00,1.1515385e-06,0.0001454592,0.00039676877,3.5938574e-06
2021-02-15 3:00,1.1515385e-06,0.0001454592,0.00039676877,3.5938574e-06
2021-02-15 4:00,1.1515385e-06,0.0001454592,0.00039676877,3.5938574e-06
2021-02-15 5:00,1.1515385e-06,0.0001454592,0.00039676877,3.5938574e-06
2021-02-15 6:00,1.1515385e-06,0.0001454592,0.00039676877,3.5938574e-06
2021-02-15 7:00,1.1515385e-06,0.0001454592,0.00039676877,3.5938574e-06
2021-02-15 8:00,1.1515385e-06,0.0001454592,1.8146589,3.5938574e-06
2021-02-15 9:00,1.1515385e-06,10.701165,11.275309,11.321666
2021-02-15 10:00,2.030682,16.066177,23.302835,21.974365
2021-02-15 11:00,56.94569,35.946198,49.355194,40.9296
2021-02-15 12:00,197.70541,108.78895,237.9524,169.77246
2021-02-15 13:00,492.30307,289.81546,433.30762,296.3487
2021-02-15 14:00,634.4964,427.02686,585.33746,321.97537
2021-02-15 15:00,621.3945,410.94745,560.7537,304.50757
2021-02-15 16:00,465.67413,330.04697,392.08017,204.4114
2021-02-15 17:00,415.7602,208.71754,299.67804,156.38289
2021-02-15 18:00,81.59323,75.441376,132.85742,46.16594
2021-02-15 19:00,1.1515385e-06,0.0001454592,0.91698235,3.5938574e-06
2021-02-15 20:00,1.1515385e-06,0.0001454592,0.00039676877,3.5938574e-06
2021-02-15 21:00,1.1515385e-06,0.0001454592,0.00039676877,3.5938574e-06
2021-02-15 22:00,1.1515385e-06,0.0001454592,0.00039676877,3.5938574e-06
2021-02-15 23:00,1.1515385e-06,0.0001454592,0.00039676877,3.5938574e-06
2021-02-16 0:00,1.1515385e-06,0.0001454592,0.00039676877,3.5938574e-06
2021-02-16 1:00,1.1515385e-06,0.0001454592,0.00039676877,3.5938574e-06
2021-02-16 2:00,1.1515385e-06,0.0001454592,0.00039676877,3.5938574e-06
2021-02-16 3:00,1.1515385e-06,0.0001454592,0.00039676877,3.5938574e-06
2021-02-16 4:00,1.1515385e-06,0.0001454592,0.00039676877,3.5938574e-06
2021-02-16 5:00,1.1515385e-06,0.0001454592,0.00039676877,3.5938574e-06
2021-02-16 6:00,1.1515385e-06,0.0001454592,0.00039676877,3.5938574e-06
2021-02-16 7:00,1.1515385e-06,0.0001454592,0.00039676877,3.5938574e-06
2021-02-16 8:00,1.1515385e-06,0.0001454592,0.6921554,3.5938574e-06
2021-02-16 9:00,56.129097,51.391754,74.55082,42.362988
2021-02-16 10:00,242.26408,154.44177,240.3547,160.59064
2021-02-16 11:00,385.35254,280.1434,354.00903,214.36102
2021-02-16 12:00,531.7517,363.4318,476.38824,244.35194
2021-02-16 13:00,539.50366,361.12616,467.96506,245.83272
2021-02-16 14:00,337.16458,246.03857,354.05725,125.85249
2021-02-16 15:00,199.78833,118.29005,177.95236,69.83917
2021-02-16 16:00,275.35675,174.74669,304.02432,113.306435
2021-02-16 17:00,63.566673,76.40157,94.61385,156.47237
2021-02-16 18:00,59.450294,61.56065,75.1775,59.73249
2021-02-16 19:00,1.1515385e-06,0.0001454592,0.46654746,3.5938574e-06
2021-02-16 20:00,1.1515385e-06,0.0001454592,0.00039676877,3.5938574e-06
2021-02-16 21:00,1.1515385e-06,0.0001454592,0.00039676877,3.5938574e-06
2021-02-16 22:00,1.1515385e-06,0.0001454592,0.00039676877,3.5938574e-06
2021-02-16 23:00,1.1515385e-06,0.0001454592,0.00039676877,3.5938574e-06
2021-02-17 0:00,1.1515385e-06,0.0001454592,0.00039676877,3.5938574e-06
2021-02-17 1:00,1.1515385e-06,0.0001454592,0.00039676877,3.5938574e-06
2021-02-17 2:00,1.1515385e-06,0.0001454592,0.00039676877,3.5938574e-06
2021-02-17 3:00,1.1515385e-06,0.0001454592,0.00039676877,3.5938574e-06
2021-02-17 4:00,1.1515385e-06,0.0001454592,0.00039676877,3.5938574e-06
2021-02-17 5:00,1.1515385e-06,0.0001454592,0.00039676877,3.5938574e-06
2021-02-17 6:00,1.1515385e-06,0.0001454592,0.00039676877,3.5938574e-06
2021-02-17 7:00,1.1515385e-06,0.0001454592,0.00039676877,3.5938574e-06
2021-02-17 8:00,1.1515385e-06,0.0001454592,0.00048751663,3.5938574e-06
2021-02-17 9:00,42.191986,15.789115,55.906837,55.35587
2021-02-17 10:00,211.37007,111.703514,241.64774,159.73067
2021-02-17 11:00,312.07312,233.37575,320.92258,219.30573
2021-02-17 12:00,529.6709,330.30713,477.79196,296.59607
2021-02-17 13:00,624.32513,382.851,555.5713,308.29337
2021-02-17 14:00,621.9615,387.56146,550.2008,305.11258
2021-02-17 15:00,631.1792,424.2107,578.7017,305.79175
2021-02-17 16:00,529.1552,357.90945,461.54553,227.74919
2021-02-17 17:00,279.61795,193.10202,250.911,154.19217
2021-02-17 18:00,11.651149,37.645905,53.30323,29.226627
2021-02-17 19:00,1.1515385e-06,0.0001454592,0.00039676877,3.5938574e-06
2021-02-17 20:00,1.1515385e-06,0.0001454592,0.00039676877,3.5938574e-06
2021-02-17 21:00,1.1515385e-06,0.0001454592,0.00039676877,3.5938574e-06
2021-02-17 22:00,1.1515385e-06,0.0001454592,0.00039676877,3.5938574e-06
2021-02-17 23:00,1.1515385e-06,0.0001454592,0.00039676877,3.5938574e-06
2021-02-18 0:00,1.1515385e-06,0.0001454592,0.00039676877,3.5938574e-06
2021-02-18 1:00,1.1515385e-06,0.0001454592,0.00039676877,3.5938574e-06
2021-02-18 2:00,1.1515385e-06,0.0001454592,0.00039676877,3.5938574e-06
2021-02-18 3:00,1.1515385e-06,0.0001454592,0.00039676877,3.5938574e-06
2021-02-18 4:00,1.1515385e-06,0.0001454592,0.00039676877,3.5938574e-06
2021-02-18 5:00,1.1515385e-06,0.0001454592,0.00039676877,3.5938574e-06
2021-02-18 6:00,1.1515385e-06,0.0001454592,0.00039676877,3.5938574e-06
2021-02-18 7:00,1.1515385e-06,0.0001454592,0.00039676877,3.5938574e-06
2021-02-18 8:00,1.1515385e-06,0.0001454592,0.00039676877,3.5938574e-06
2021-02-18 9:00,42.703526,16.861769,53.367092,65.9856
2021-02-18 10:00,214.36234,133.05766,247.77805,204.77296
2021-02-18 11:00,460.3337,293.9462,405.3106,238.26083
2021-02-18 12:00,624.3154,417.41946,552.90814,303.42752
2021-02-18 13:00,644.9135,443.13303,585.4319,316.85913
2021-02-18 14:00,638.97015,439.77127,579.982,312.95328
2021-02-18 15:00,621.6031,421.33942,571.64746,305.5234
2021-02-18 16:00,499.71158,349.23135,422.61685,220.25879
2021-02-18 17:00,419.842,221.1807,313.78467,163.07727
2021-02-18 18:00,30.701986,47.346554,73.86503,35.47002
2021-02-18 19:00,1.1515385e-06,0.0001454592,0.9992289,3.5938574e-06
2021-02-18 20:00,1.1515385e-06,0.0001454592,0.00039676877,3.5938574e-06
2021-02-18 21:00,1.1515385e-06,0.0001454592,0.00039676877,3.5938574e-06
2021-02-18 22:00,1.1515385e-06,0.0001454592,0.00039676877,3.5938574e-06
2021-02-18 23:00,1.1515385e-06,0.0001454592,0.00039676877,3.5938574e-06
2021-02-19 0:00,1.1515385e-06,0.0001454592,0.00039676877,3.5938574e-06
2021-02-19 1:00,1.1515385e-06,0.0001454592,0.00039676877,3.5938574e-06
2021-02-19 2:00,1.1515385e-06,0.0001454592,0.00039676877,3.5938574e-06
2021-02-19 3:00,1.1515385e-06,0.0001454592,0.00039676877,3.5938574e-06
2021-02-19 4:00,1.1515385e-06,0.0001454592,0.00039676877,3.5938574e-06
2021-02-19 5:00,1.1515385e-06,0.0001454592,0.00039676877,3.5938574e-06
2021-02-19 6:00,1.1515385e-06,0.0001454592,0.00039676877,3.5938574e-06
2021-02-19 7:00,1.1515385e-06,0.0001454592,0.00039676877,3.5938574e-06
2021-02-19 8:00,1.1515385e-06,0.049166575,1.0349398,0.45861432
2021-02-19 9:00,83.22796,68.77482,94.77834,42.399418
2021-02-19 10:00,278.96533,184.47835,288.54587,164.47469
2021-02-19 11:00,382.3004,276.94363,362.82153,180.91766
2021-02-19 12:00,509.6141,357.61716,539.2593,197.24402
2021-02-19 13:00,580.58795,402.44385,575.3723,270.3754
2021-02-19 14:00,593.37305,408.35806,581.17487,284.33395
2021-02-19 15:00,529.1038,360.2758,564.87036,234.72256
2021-02-19 16:00,419.70358,309.91376,472.5119,187.21869
2021-02-19 17:00,262.63797,168.07697,275.4327,123.79259
2021-02-19 18:00,58.792286,56.230244,104.861984,50.05307
2021-02-19 19:00,1.1515385e-06,0.0001454592,1.0320518,3.5938574e-06
2021-02-19 20:00,1.1515385e-06,0.0001454592,0.00039676877,3.5938574e-06
2021-02-19 21:00,1.1515385e-06,0.0001454592,0.00039676877,3.5938574e-06
2021-02-19 22:00,1.1515385e-06,0.0001454592,0.00039676877,3.5938574e-06
2021-02-19 23:00,1.1515385e-06,0.0001454592,0.00039676877,3.5938574e-06
2021-02-20 0:00,1.1515385e-06,0.0001454592,0.00039676877,3.5938574e-06
2021-02-20 1:00,1.1515385e-06,0.0001454592,0.00039676877,3.5938574e-06
2021-02-20 2:00,1.1515385e-06,0.0001454592,0.00039676877,3.5938574e-06
2021-02-20 3:00,1.1515385e-06,0.0001454592,0.00039676877,3.5938574e-06
2021-02-20 4:00,1.1515385e-06,0.0001454592,0.00039676877,3.5938574e-06
2021-02-20 5:00,1.1515385e-06,0.0001454592,0.00039676877,3.5938574e-06
2021-02-20 6:00,1.1515385e-06,0.0001454592,0.00039676877,3.5938574e-06
2021-02-20 7:00,1.1515385e-06,0.0001454592,0.00039676877,3.5938574e-06
2021-02-20 8:00,1.1515385e-06,5.6186395,6.3157616,1.2712132
2021-02-20 9:00,14.271104,31.446558,46.349495,10.704358
2021-02-20 10:00,197.99127,115.97458,165.55736,68.568405
2021-02-20 11:00,308.94553,240.18262,331.90292,149.54596
2021-02-20 12:00,489.54938,353.4606,471.1454,210.99026
2021-02-20 13:00,581.03564,398.1687,533.7775,281.16962
2021-02-20 14:00,590.0687,411.16678,540.634,300.5863
2021-02-20 15:00,531.24927,356.66708,488.09967,279.4651
2021-02-20 16:00,425.89078,275.72397,398.25003,224.69221
2021-02-20 17:00,251.9755,187.65782,287.3903,153.33421
2021-02-20 18:00,74.23068,69.58509,114.65099,68.146286
2021-02-20 19:00,1.1515385e-06,0.0048424164,3.263811,3.5938574e-06
2021-02-20 20:00,1.1515385e-06,0.0001454592,0.00039676877,3.5938574e-06
2021-02-20 21:00,1.1515385e-06,0.0001454592,0.00039676877,3.5938574e-06
2021-02-20 22:00,1.1515385e-06,0.0001454592,0.00039676877,3.5938574e-06
2021-02-20 23:00,1.1515385e-06,0.0001454592,0.00039676877,3.5938574e-06
2021-02-21 0:00,1.1515385e-06,0.0001454592,0.00039676877,3.5938574e-06
2021-02-21 1:00,1.1515385e-06,0.0001454592,0.00039676877,3.5938574e-06
2021-02-21 2:00,1.1515385e-06,0.0001454592,0.00039676877,3.5938574e-06
2021-02-21 3:00,1.1515385e-06,0.0001454592,0.00039676877,3.5938574e-06
2021-02-21 4:00,1.1515385e-06,0.0001454592,0.00039676877,3.5938574e-06
2021-02-21 5:00,1.1515385e-06,0.0001454592,0.00039676877,3.5938574e-06
2021-02-21 6:00,1.1515385e-06,0.0001454592,0.00039676877,3.5938574e-06
2021-02-21 7:00,1.1515385e-06,0.0001454592,0.00039676877,3.5938574e-06
2021-02-21 8:00,1.1515385e-06,3.5953698,5.27177,7.2367597
2021-02-21 9:00,34.96791,36.624916,50.42271,17.289768
2021-02-21 10:00,186.68047,138.45517,185.33698,77.63835
2021-02-21 11:00,312.9848,217.93748,329.50662,196.8697
2021-02-21 12:00,450.0834,311.43085,438.91934,239.86723
2021-02-21 13:00,521.83075,365.17642,548.43945,308.82886
2021-02-21 14:00,541.9976,384.07568,554.7865,309.6843
2021-02-21 15:00,510.09644,356.37875,530.46826,297.8861
2021-02-21 16:00,403.02704,273.31723,425.3637,225.80606
2021-02-21 17:00,261.9962,190.50821,289.83807,155.48425
2021-02-21 18:00,73.16067,65.41027,118.51941,68.8704
2021-02-21 19:00,1.1515385e-06,0.0001454592,2.1866543,3.5938574e-06
2021-02-21 20:00,1.1515385e-06,0.0001454592,0.00039676877,3.5938574e-06
2021-02-21 21:00,1.1515385e-06,0.0001454592,0.00039676877,3.5938574e-06
2021-02-21 22:00,1.1515385e-06,0.0001454592,0.00039676877,3.5938574e-06
2021-02-21 23:00,1.1515385e-06,0.0001454592,0.00039676877,3.5938574e-06
2021-02-22 0:00,1.1515385e-06,0.0001454592,0.00039676877,3.5938574e-06
2021-02-22 1:00,1.1515385e-06,0.0001454592,0.00039676877,3.5938574e-06
2021-02-22 2:00,1.1515385e-06,0.0001454592,0.00039676877,3.5938574e-06
2021-02-22 3:00,1.1515385e-06,0.0001454592,0.00039676877,3.5938574e-06
2021-02-22 4:00,1.1515385e-06,0.0001454592,0.00039676877,3.5938574e-06
2021-02-22 5:00,1.1515385e-06,0.0001454592,0.00039676877,3.5938574e-06
2021-02-22 6:00,1.1515385e-06,0.0001454592,0.00039676877,3.5938574e-06
2021-02-22 7:00,1.1515385e-06,0.0001454592,0.00039676877,3.5938574e-06
2021-02-22 8:00,1.1515385e-06,7.199952,7.942709,6.465635
2021-02-22 9:00,33.34666,37.68878,52.721813,10.105476
2021-02-22 10:00,195.10889,104.53731,171.23997,74.105644
2021-02-22 11:00,246.6384,144.86372,211.56229,99.82854
2021-02-22 12:00,265.478,163.17848,233.94514,95.74202
2021-02-22 13:00,433.26828,265.6218,375.51495,149.94952
2021-02-22 14:00,298.97794,182.32346,279.70645,106.15916
2021-02-22 15:00,223.96413,138.26909,177.96182,103.14754
2021-02-22 16:00,372.67416,240.28656,349.6285,192.73552
2021-02-22 17:00,295.50568,194.91765,277.48764,151.64792
2021-02-22 18:00,67.53634,59.10533,100.61605,47.282906
2021-02-22 19:00,1.1515385e-06,0.0001454592,2.839315,3.5938574e-06
2021-02-22 20:00,1.1515385e-06,0.0001454592,0.00039676877,3.5938574e-06
2021-02-22 21:00,1.1515385e-06,0.0001454592,0.00039676877,3.5938574e-06
2021-02-22 22:00,1.1515385e-06,0.0001454592,0.00039676877,3.5938574e-06
2021-02-22 23:00,1.1515385e-06,0.0001454592,0.00039676877,3.5938574e-06
2021-02-23 0:00,1.1515385e-06,0.0001454592,0.00039676877,3.5938574e-06
2021-02-23 1:00,1.1515385e-06,0.0001454592,0.00039676877,3.5938574e-06
2021-02-23 2:00,1.1515385e-06,0.0001454592,0.00039676877,3.5938574e-06
2021-02-23 3:00,1.1515385e-06,0.0001454592,0.00039676877,3.5938574e-06
2021-02-23 4:00,1.1515385e-06,0.0001454592,0.00039676877,3.5938574e-06
2021-02-23 5:00,1.1515385e-06,0.0001454592,0.00039676877,3.5938574e-06
2021-02-23 6:00,1.1515385e-06,0.0001454592,0.00039676877,3.5938574e-06
2021-02-23 7:00,1.1515385e-06,0.0001454592,0.00039676877,3.5938574e-06
2021-02-23 8:00,1.1515385e-06,0.0001454592,0.63715166,3.5938574e-06
2021-02-23 9:00,43.591198,40.674263,57.34648,63.16408
2021-02-23 10:00,201.95041,139.39761,196.90883,167.89235
2021-02-23 11:00,472.23166,323.3032,387.40936,232.5361
2021-02-23 12:00,617.9149,408.39163,514.4216,291.51764
2021-02-23 13:00,637.78687,439.30664,573.4478,309.16876
2021-02-23 14:00,634.10315,437.91098,573.1414,308.13904
2021-02-23 15:00,622.3413,426.9646,561.09186,293.54114
2021-02-23 16:00,495.75708,342.72888,400.9893,228.3811
2021-02-23 17:00,303.124,192.44473,279.5614,159.14124
2021-02-23 18:00,44.344887,53.87643,89.84683,40.585278
2021-02-23 19:00,1.1515385e-06,0.0001454592,1.2407441,3.5938574e-06
2021-02-23 20:00,1.1515385e-06,0.0001454592,0.00039676877,3.5938574e-06
2021-02-23 21:00,1.1515385e-06,0.0001454592,0.00039676877,3.5938574e-06
2021-02-23 22:00,1.1515385e-06,0.0001454592,0.00039676877,3.5938574e-06
2021-02-23 23:00,1.1515385e-06,0.0001454592,0.00039676877,3.5938574e-06
2021-02-24 0:00,1.1515385e-06,0.0001454592,0.00039676877,3.5938574e-06
2021-02-24 1:00,1.1515385e-06,0.0001454592,0.00039676877,3.5938574e-06
2021-02-24 2:00,1.1515385e-06,0.0001454592,0.00039676877,3.5938574e-06
2021-02-24 3:00,1.1515385e-06,0.0001454592,0.00039676877,3.5938574e-06
2021-02-24 4:00,1.1515385e-06,0.0001454592,0.00039676877,3.5938574e-06
2021-02-24 5:00,1.1515385e-06,0.0001454592,0.00039676877,3.5938574e-06
2021-02-24 6:00,1.1515385e-06,0.0001454592,0.00039676877,3.5938574e-06
2021-02-24 7:00,1.1515385e-06,0.0001454592,0.00039676877,3.5938574e-06
2021-02-24 8:00,1.1515385e-06,0.0001454592,0.4002382,3.5938574e-06
2021-02-24 9:00,42.249043,33.24376,53.427536,60.347908
2021-02-24 10:00,194.61667,123.98065,186.13466,160.04338
2021-02-24 11:00,273.13898,217.40442,294.3537,187.36784
2021-02-24 12:00,525.23694,368.52664,463.10297,268.81186
2021-02-24 13:00,623.2539,430.3359,560.6684,313.14847
2021-02-24 14:00,580.8184,406.4827,499.58356,302.12698
2021-02-24 15:00,485.13806,326.9033,356.52118,242.983
2021-02-24 16:00,425.22394,259.80133,337.3062,209.73764
2021-02-24 17:00,256.45438,176.66748,255.39595,154.80109
2021-02-24 18:00,15.698804,44.24945,63.64758,34.38171
2021-02-24 19:00,1.1515385e-06,0.0001454592,1.9487032,3.5938574e-06
2021-02-24 20:00,1.1515385e-06,0.0001454592,0.00039676877,3.5938574e-06
2021-02-24 21:00,1.1515385e-06,0.0001454592,0.00039676877,3.5938574e-06
2021-02-24 22:00,1.1515385e-06,0.0001454592,0.00039676877,3.5938574e-06
2021-02-24 23:00,1.1515385e-06,0.0001454592,0.00039676877,3.5938574e-06
2021-02-25 0:00,1.1515385e-06,0.0001454592,0.00039676877,3.5938574e-06
2021-02-25 1:00,1.1515385e-06,0.0001454592,0.00039676877,3.5938574e-06
2021-02-25 2:00,1.1515385e-06,0.0001454592,0.00039676877,3.5938574e-06
2021-02-25 3:00,1.1515385e-06,0.0001454592,0.00039676877,3.5938574e-06
2021-02-25 4:00,1.1515385e-06,0.0001454592,0.00039676877,3.5938574e-06
2021-02-25 5:00,1.1515385e-06,0.0001454592,0.00039676877,3.5938574e-06
2021-02-25 6:00,1.1515385e-06,0.0001454592,0.00039676877,3.5938574e-06
2021-02-25 7:00,1.1515385e-06,0.0001454592,0.00039676877,3.5938574e-06
2021-02-25 8:00,1.1515385e-06,0.14003138,1.5851443,3.5938574e-06
2021-02-25 9:00,36.50263,44.302803,50.423283,23.405327
2021-02-25 10:00,179.0588,110.25732,147.41434,68.87873
2021-02-25 11:00,197.28442,115.080956,179.15468,82.78567
2021-02-25 12:00,141.42586,110.64842,170.17432,97.74747
2021-02-25 13:00,121.6904,103.92828,156.61969,109.30643
2021-02-25 14:00,187.16054,129.07928,217.17148,166.17192
2021-02-25 15:00,184.59232,111.068825,215.5929,155.95514
2021-02-25 16:00,110.55336,78.86434,132.00572,118.45949
2021-02-25 17:00,30.108614,19.921886,34.847157,41.815876
2021-02-25 18:00,1.1515385e-06,1.6219655,5.5680814,0.27190307
2021-02-25 19:00,1.1515385e-06,0.0001454592,0.00039676877,3.5938574e-06
2021-02-25 20:00,1.1515385e-06,0.0001454592,0.00039676877,3.5938574e-06
2021-02-25 21:00,1.1515385e-06,0.0001454592,0.00039676877,3.5938574e-06
2021-02-25 22:00,1.1515385e-06,0.0001454592,0.00039676877,3.5938574e-06
2021-02-25 23:00,1.1515385e-06,0.0001454592,0.00039676877,3.5938574e-06
2021-02-26 0:00,1.1515385e-06,0.0001454592,0.00039676877,3.5938574e-06
2021-02-26 1:00,1.1515385e-06,0.0001454592,0.00039676877,3.5938574e-06
2021-02-26 2:00,1.1515385e-06,0.0001454592,0.00039676877,3.5938574e-06
2021-02-26 3:00,1.1515385e-06,0.0001454592,0.00039676877,3.5938574e-06
2021-02-26 4:00,1.1515385e-06,0.0001454592,0.00039676877,3.5938574e-06
2021-02-26 5:00,1.1515385e-06,0.0001454592,0.00039676877,3.5938574e-06
2021-02-26 6:00,1.1515385e-06,0.0001454592,0.00039676877,3.5938574e-06
2021-02-26 7:00,1.1515385e-06,0.0001454592,0.00039676877,3.5938574e-06
2021-02-26 8:00,1.1515385e-06,0.0001454592,1.1415778,3.5938574e-06
2021-02-26 9:00,34.459526,30.032915,48.837467,53.385014
2021-02-26 10:00,176.05847,124.78189,189.55298,133.48358
2021-02-26 11:00,386.68747,267.00665,348.9782,227.17715
2021-02-26 12:00,528.5585,384.25665,493.2113,295.74463
2021-02-26 13:00,602.23926,426.6876,552.46735,311.84085
2021-02-26 14:00,626.1149,441.92584,577.7429,317.43784
2021-02-26 15:00,573.1498,422.26736,566.87146,305.04565
2021-02-26 16:00,477.32748,343.94867,464.93005,241.02417
2021-02-26 17:00,207.04218,160.43881,230.9667,151.82132
2021-02-26 18:00,1.8853239,17.566675,45.49582,23.184925
2021-02-26 19:00,1.1515385e-06,0.0001454592,0.76631993,3.5938574e-06
2021-02-26 20:00,1.1515385e-06,0.0001454592,0.00039676877,3.5938574e-06
2021-02-26 21:00,1.1515385e-06,0.0001454592,0.00039676877,3.5938574e-06
2021-02-26 22:00,1.1515385e-06,0.0001454592,0.00039676877,3.5938574e-06
2021-02-26 23:00,1.1515385e-06,0.0001454592,0.00039676877,3.5938574e-06
2021-02-27 0:00,1.1515385e-06,0.0001454592,0.00039676877,3.5938574e-06
2021-02-27 1:00,1.1515385e-06,0.0001454592,0.00039676877,3.5938574e-06
2021-02-27 2:00,1.1515385e-06,0.0001454592,0.00039676877,3.5938574e-06
2021-02-27 3:00,1.1515385e-06,0.0001454592,0.00039676877,3.5938574e-06
2021-02-27 4:00,1.1515385e-06,0.0001454592,0.00039676877,3.5938574e-06
2021-02-27 5:00,1.1515385e-06,0.0001454592,0.00039676877,3.5938574e-06
2021-02-27 6:00,1.1515385e-06,0.0001454592,0.00039676877,3.5938574e-06
2021-02-27 7:00,1.1515385e-06,0.0001454592,0.00039676877,3.5938574e-06
2021-02-27 8:00,1.1515385e-06,0.507425,2.7419114,3.5938574e-06
2021-02-27 9:00,26.259306,37.935448,56.59328,31.194485
2021-02-27 10:00,221.70044,156.99753,240.2012,90.329636
2021-02-27 11:00,375.83237,264.88873,348.6765,205.3173
2021-02-27 12:00,529.6597,378.77786,491.1693,274.84967
2021-02-27 13:00,621.98016,435.16196,568.4846,318.0435
2021-02-27 14:00,623.3821,440.11804,580.3487,320.91
2021-02-27 15:00,558.51917,407.2565,553.7062,302.33832
2021-02-27 16:00,498.04343,353.39777,468.00348,243.79527
2021-02-27 17:00,391.4318,242.02411,294.47504,167.13472
2021-02-27 18:00,83.542694,75.15239,134.14505,65.864525
2021-02-27 19:00,1.1515385e-06,0.0001454592,2.9427905,3.5938574e-06
2021-02-27 20:00,1.1515385e-06,0.0001454592,0.00039676877,3.5938574e-06
2021-02-27 21:00,1.1515385e-06,0.0001454592,0.00039676877,3.5938574e-06
2021-02-27 22:00,1.1515385e-06,0.0001454592,0.00039676877,3.5938574e-06
2021-02-27 23:00,1.1515385e-06,0.0001454592,0.00039676877,3.5938574e-06
2021-02-28 0:00,1.1515385e-06,0.0001454592,0.00039676877,3.5938574e-06
2021-02-28 1:00,1.1515385e-06,0.0001454592,0.00039676877,3.5938574e-06
2021-02-28 2:00,1.1515385e-06,0.0001454592,0.00039676877,3.5938574e-06
2021-02-28 3:00,1.1515385e-06,0.0001454592,0.00039676877,3.5938574e-06
2021-02-28 4:00,1.1515385e-06,0.0001454592,0.00039676877,3.5938574e-06
2021-02-28 5:00,1.1515385e-06,0.0001454592,0.00039676877,3.5938574e-06
2021-02-28 6:00,1.1515385e-06,0.0001454592,0.00039676877,3.5938574e-06
2021-02-28 7:00,1.1515385e-06,0.0001454592,0.00039676877,3.5938574e-06
2021-02-28 8:00,1.1515385e-06,0.29471216,2.2187345,3.5938574e-06
2021-02-28 9:00,43.217937,65.08739,67.08134,44.17237
2021-02-28 10:00,198.74333,133.29866,207.07602,113.19625
2021-02-28 11:00,143.50937,98.515,167.14922,120.70459
2021-02-28 12:00,141.38173,103.36495,163.86087,138.95517
2021-02-28 13:00,229.38947,174.11255,267.69617,241.09285
2021-02-28 14:00,499.72214,347.3453,372.31458,282.09796
2021-02-28 15:00,298.44943,231.1033,300.19043,239.74481
2021-02-28 16:00,153.85437,79.907616,135.32333,146.46385
2021-02-28 17:00,54.604,60.401627,77.31051,61.385334
2021-02-28 18:00,1.1515385e-06,2.7865922,8.127059,1.0408342
2021-02-28 19:00,1.1515385e-06,0.0001454592,0.29566532,3.5938574e-06
2021-02-28 20:00,1.1515385e-06,0.0001454592,0.00039676877,3.5938574e-06
2021-02-28 21:00,1.1515385e-06,0.0001454592,0.00039676877,3.5938574e-06
2021-02-28 22:00,1.1515385e-06,0.0001454592,0.00039676877,3.5938574e-06
2021-02-28 23:00,1.1515385e-06,0.0001454592,0.00039676877,3.5938574e-06
2021-03-01 0:00,1.1515385e-06,0.0001454592,0.00039676877,3.5938574e-06
2021-06-09 1:00,,,,
2021-06-09 2:00,,,,
2021-06-09 3:00,,,,
2021-06-09 4:00,,,,
2021-06-09 5:00,,,,
2021-06-09 6:00,,,,
2021-06-09 7:00,,,,
2021-06-09 8:00,,,,
2021-06-09 9:00,,,,
2021-06-09 10:00,,,,
2021-06-09 11:00,,,,
2021-06-09 12:00,,,,
2021-06-09 13:00,,,,
2021-06-09 14:00,,,,
2021-06-09 15:00,,,,
2021-06-09 16:00,,,,
2021-06-09 17:00,,,,
2021-06-09 18:00,,,,
2021-06-09 19:00,,,,
2021-06-09 20:00,,,,
2021-06-09 21:00,,,,
2021-06-09 22:00,,,,
2021-06-09 23:00,,,,
2021-06-10 0:00,,,,
2021-06-10 1:00,,,,
2021-06-10 2:00,,,,
2021-06-10 3:00,,,,
2021-06-10 4:00,,,,
2021-06-10 5:00,,,,
2021-06-10 6:00,,,,
2021-06-10 7:00,,,,
2021-06-10 8:00,,,,
2021-06-10 9:00,,,,
2021-06-10 10:00,,,,
2021-06-10 11:00,,,,
2021-06-10 12:00,,,,
2021-06-10 13:00,,,,
2021-06-10 14:00,,,,
2021-06-10 15:00,,,,
2021-06-10 16:00,,,,
2021-06-10 17:00,,,,
2021-06-10 18:00,,,,
2021-06-10 19:00,,,,
2021-06-10 20:00,,,,
2021-06-10 21:00,,,,
2021-06-10 22:00,,,,
2021-06-10 23:00,,,,
2021-06-11 0:00,,,,
2021-06-11 1:00,,,,
2021-06-11 2:00,,,,
2021-06-11 3:00,,,,
2021-06-11 4:00,,,,
2021-06-11 5:00,,,,
2021-06-11 6:00,,,,
2021-06-11 7:00,,,,
2021-06-11 8:00,,,,
2021-06-11 9:00,,,,
2021-06-11 10:00,,,,
2021-06-11 11:00,,,,
2021-06-11 12:00,,,,
2021-06-11 13:00,,,,
2021-06-11 14:00,,,,
2021-06-11 15:00,,,,
2021-06-11 16:00,,,,
2021-06-11 17:00,,,,
2021-06-11 18:00,,,,
2021-06-11 19:00,,,,
2021-06-11 20:00,,,,
2021-06-11 21:00,,,,
2021-06-11 22:00,,,,
2021-06-11 23:00,,,,
2021-06-12 0:00,,,,
2021-06-12 1:00,,,,
2021-06-12 2:00,,,,
2021-06-12 3:00,,,,
2021-06-12 4:00,,,,
2021-06-12 5:00,,,,
2021-06-12 6:00,,,,
2021-06-12 7:00,,,,
2021-06-12 8:00,,,,
2021-06-12 9:00,,,,
2021-06-12 10:00,,,,
2021-06-12 11:00,,,,
2021-06-12 12:00,,,,
2021-06-12 13:00,,,,
2021-06-12 14:00,,,,
2021-06-12 15:00,,,,
2021-06-12 16:00,,,,
2021-06-12 17:00,,,,
2021-06-12 18:00,,,,
2021-06-12 19:00,,,,
2021-06-12 20:00,,,,
2021-06-12 21:00,,,,
2021-06-12 22:00,,,,
2021-06-12 23:00,,,,
2021-06-13 0:00,,,,
2021-06-13 1:00,,,,
2021-06-13 2:00,,,,
2021-06-13 3:00,,,,
2021-06-13 4:00,,,,
2021-06-13 5:00,,,,
2021-06-13 6:00,,,,
2021-06-13 7:00,,,,
2021-06-13 8:00,,,,
2021-06-13 9:00,,,,
2021-06-13 10:00,,,,
2021-06-13 11:00,,,,
2021-06-13 12:00,,,,
2021-06-13 13:00,,,,
2021-06-13 14:00,,,,
2021-06-13 15:00,,,,
2021-06-13 16:00,,,,
2021-06-13 17:00,,,,
2021-06-13 18:00,,,,
2021-06-13 19:00,,,,
2021-06-13 20:00,,,,
2021-06-13 21:00,,,,
2021-06-13 22:00,,,,
2021-06-13 23:00,,,,
2021-06-14 0:00,,,,
2021-06-14 1:00,,,,
2021-06-14 2:00,,,,
2021-06-14 3:00,,,,
2021-06-14 4:00,,,,
2021-06-14 5:00,,,,
2021-06-14 6:00,,,,
2021-06-14 7:00,,,,
2021-06-14 8:00,,,,
2021-06-14 9:00,,,,
2021-06-14 10:00,,,,
2021-06-14 11:00,,,,
2021-06-14 12:00,,,,
2021-06-14 13:00,,,,
2021-06-14 14:00,,,,
2021-06-14 15:00,,,,
2021-06-14 16:00,,,,
2021-06-14 17:00,,,,
2021-06-14 18:00,,,,
2021-06-14 19:00,,,,
2021-06-14 20:00,,,,
2021-06-14 21:00,,,,
2021-06-14 22:00,,,,
2021-06-14 23:00,,,,
2021-06-15 0:00,,,,
2021-06-15 1:00,,,,
2021-06-15 2:00,,,,
2021-06-15 3:00,,,,
2021-06-15 4:00,,,,
2021-06-15 5:00,,,,
2021-06-15 6:00,,,,
2021-06-15 7:00,,,,
2021-06-15 8:00,,,,
2021-06-15 9:00,,,,
2021-06-15 10:00,,,,
2021-06-15 11:00,,,,
2021-06-15 12:00,,,,
2021-06-15 13:00,,,,
2021-06-15 14:00,,,,
2021-06-15 15:00,,,,
2021-06-15 16:00,,,,
2021-06-15 17:00,,,,
2021-06-15 18:00,,,,
2021-06-15 19:00,,,,
2021-06-15 20:00,,,,
2021-06-15 21:00,,,,
2021-06-15 22:00,,,,
2021-06-15 23:00,,,,
2021-06-16 0:00,,,,
2021-06-16 1:00,,,,
2021-06-16 2:00,,,,
2021-06-16 3:00,,,,
2021-06-16 4:00,,,,
2021-06-16 5:00,,,,
2021-06-16 6:00,,,,
2021-06-16 7:00,,,,
2021-06-16 8:00,,,,
2021-06-16 9:00,,,,
2021-06-16 10:00,,,,
2021-06-16 11:00,,,,
2021-06-16 12:00,,,,
2021-06-16 13:00,,,,
2021-06-16 14:00,,,,
2021-06-16 15:00,,,,
2021-06-16 16:00,,,,
2021-06-16 17:00,,,,
2021-06-16 18:00,,,,
2021-06-16 19:00,,,,
2021-06-16 20:00,,,,
2021-06-16 21:00,,,,
2021-06-16 22:00,,,,
2021-06-16 23:00,,,,
2021-06-17 0:00,,,,
2021-06-17 1:00,,,,
2021-06-17 2:00,,,,
2021-06-17 3:00,,,,
2021-06-17 4:00,,,,
2021-06-17 5:00,,,,
2021-06-17 6:00,,,,
2021-06-17 7:00,,,,
2021-06-17 8:00,,,,
2021-06-17 9:00,,,,
2021-06-17 10:00,,,,
2021-06-17 11:00,,,,
2021-06-17 12:00,,,,
2021-06-17 13:00,,,,
2021-06-17 14:00,,,,
2021-06-17 15:00,,,,
2021-06-17 16:00,,,,
2021-06-17 17:00,,,,
2021-06-17 18:00,,,,
2021-06-17 19:00,,,,
2021-06-17 20:00,,,,
2021-06-17 21:00,,,,
2021-06-17 22:00,,,,
2021-06-17 23:00,,,,
2021-06-18 0:00,,,,
2021-06-18 1:00,,,,
2021-06-18 2:00,,,,
2021-06-18 3:00,,,,
2021-06-18 4:00,,,,
2021-06-18 5:00,,,,
2021-06-18 6:00,,,,
2021-06-18 7:00,,,,
2021-06-18 8:00,,,,
2021-06-18 9:00,,,,
2021-06-18 10:00,,,,
2021-06-18 11:00,,,,
2021-06-18 12:00,,,,
2021-06-18 13:00,,,,
2021-06-18 14:00,,,,
2021-06-18 15:00,,,,
2021-06-18 16:00,,,,
2021-06-18 17:00,,,,
2021-06-18 18:00,,,,
2021-06-18 19:00,,,,
2021-06-18 20:00,,,,
2021-06-18 21:00,,,,
2021-06-18 22:00,,,,
2021-06-18 23:00,,,,
2021-06-19 0:00,,,,
2021-06-19 1:00,,,,
2021-06-19 2:00,,,,
2021-06-19 3:00,,,,
2021-06-19 4:00,,,,
2021-06-19 5:00,,,,
2021-06-19 6:00,,,,
2021-06-19 7:00,,,,
2021-06-19 8:00,,,,
2021-06-19 9:00,,,,
2021-06-19 10:00,,,,
2021-06-19 11:00,,,,
2021-06-19 12:00,,,,
2021-06-19 13:00,,,,
2021-06-19 14:00,,,,
2021-06-19 15:00,,,,
2021-06-19 16:00,,,,
2021-06-19 17:00,,,,
2021-06-19 18:00,,,,
2021-06-19 19:00,,,,
2021-06-19 20:00,,,,
2021-06-19 21:00,,,,
2021-06-19 22:00,,,,
2021-06-19 23:00,,,,
2021-06-20 0:00,,,,
2021-06-20 1:00,,,,
2021-06-20 2:00,,,,
2021-06-20 3:00,,,,
2021-06-20 4:00,,,,
2021-06-20 5:00,,,,
2021-06-20 6:00,,,,
2021-06-20 7:00,,,,
2021-06-20 8:00,,,,
2021-06-20 9:00,,,,
2021-06-20 10:00,,,,
2021-06-20 11:00,,,,
2021-06-20 12:00,,,,
2021-06-20 13:00,,,,
2021-06-20 14:00,,,,
2021-06-20 15:00,,,,
2021-06-20 16:00,,,,
2021-06-20 17:00,,,,
2021-06-20 18:00,,,,
2021-06-20 19:00,,,,
2021-06-20 20:00,,,,
2021-06-20 21:00,,,,
2021-06-20 22:00,,,,
2021-06-20 23:00,,,,
2021-06-21 0:00,,,,
2021-06-21 1:00,,,,
2021-06-21 2:00,,,,
2021-06-21 3:00,,,,
2021-06-21 4:00,,,,
2021-06-21 5:00,,,,
2021-06-21 6:00,,,,
2021-06-21 7:00,,,,
2021-06-21 8:00,,,,
2021-06-21 9:00,,,,
2021-06-21 10:00,,,,
2021-06-21 11:00,,,,
2021-06-21 12:00,,,,
2021-06-21 13:00,,,,
2021-06-21 14:00,,,,
2021-06-21 15:00,,,,
2021-06-21 16:00,,,,
2021-06-21 17:00,,,,
2021-06-21 18:00,,,,
2021-06-21 19:00,,,,
2021-06-21 20:00,,,,
2021-06-21 21:00,,,,
2021-06-21 22:00,,,,
2021-06-21 23:00,,,,
2021-06-22 0:00,,,,
2021-06-22 1:00,,,,
2021-06-22 2:00,,,,
2021-06-22 3:00,,,,
2021-06-22 4:00,,,,
2021-06-22 5:00,,,,
2021-06-22 6:00,,,,
2021-06-22 7:00,,,,
2021-06-22 8:00,,,,
2021-06-22 9:00,,,,
2021-06-22 10:00,,,,
2021-06-22 11:00,,,,
2021-06-22 12:00,,,,
2021-06-22 13:00,,,,
2021-06-22 14:00,,,,
2021-06-22 15:00,,,,
2021-06-22 16:00,,,,
2021-06-22 17:00,,,,
2021-06-22 18:00,,,,
2021-06-22 19:00,,,,
2021-06-22 20:00,,,,
2021-06-22 21:00,,,,
2021-06-22 22:00,,,,
2021-06-22 23:00,,,,
2021-06-23 0:00,,,,
2021-06-23 1:00,,,,
2021-06-23 2:00,,,,
2021-06-23 3:00,,,,
2021-06-23 4:00,,,,
2021-06-23 5:00,,,,
2021-06-23 6:00,,,,
2021-06-23 7:00,,,,
2021-06-23 8:00,,,,
2021-06-23 9:00,,,,
2021-06-23 10:00,,,,
2021-06-23 11:00,,,,
2021-06-23 12:00,,,,
2021-06-23 13:00,,,,
2021-06-23 14:00,,,,
2021-06-23 15:00,,,,
2021-06-23 16:00,,,,
2021-06-23 17:00,,,,
2021-06-23 18:00,,,,
2021-06-23 19:00,,,,
2021-06-23 20:00,,,,
2021-06-23 21:00,,,,
2021-06-23 22:00,,,,
2021-06-23 23:00,,,,
2021-06-24 0:00,,,,
2021-06-24 1:00,,,,
2021-06-24 2:00,,,,
2021-06-24 3:00,,,,
2021-06-24 4:00,,,,
2021-06-24 5:00,,,,
2021-06-24 6:00,,,,
2021-06-24 7:00,,,,
2021-06-24 8:00,,,,
2021-06-24 9:00,,,,
2021-06-24 10:00,,,,
2021-06-24 11:00,,,,
2021-06-24 12:00,,,,
2021-06-24 13:00,,,,
2021-06-24 14:00,,,,
2021-06-24 15:00,,,,
2021-06-24 16:00,,,,
2021-06-24 17:00,,,,
2021-06-24 18:00,,,,
2021-06-24 19:00,,,,
2021-06-24 20:00,,,,
2021-06-24 21:00,,,,
2021-06-24 22:00,,,,
2021-06-24 23:00,,,,
2021-06-25 0:00,,,,
2021-06-25 1:00,,,,
2021-06-25 2:00,,,,
2021-06-25 3:00,,,,
2021-06-25 4:00,,,,
2021-06-25 5:00,,,,
2021-06-25 6:00,,,,
2021-06-25 7:00,,,,
2021-06-25 8:00,,,,
2021-06-25 9:00,,,,
2021-06-25 10:00,,,,
2021-06-25 11:00,,,,
2021-06-25 12:00,,,,
2021-06-25 13:00,,,,
2021-06-25 14:00,,,,
2021-06-25 15:00,,,,
2021-06-25 16:00,,,,
2021-06-25 17:00,,,,
2021-06-25 18:00,,,,
2021-06-25 19:00,,,,
2021-06-25 20:00,,,,
2021-06-25 21:00,,,,
2021-06-25 22:00,,,,
2021-06-25 23:00,,,,
2021-06-26 0:00,,,,
2021-06-26 1:00,,,,
2021-06-26 2:00,,,,
2021-06-26 3:00,,,,
2021-06-26 4:00,,,,
2021-06-26 5:00,,,,
2021-06-26 6:00,,,,
2021-06-26 7:00,,,,
2021-06-26 8:00,,,,
2021-06-26 9:00,,,,
2021-06-26 10:00,,,,
2021-06-26 11:00,,,,
2021-06-26 12:00,,,,
2021-06-26 13:00,,,,
2021-06-26 14:00,,,,
2021-06-26 15:00,,,,
2021-06-26 16:00,,,,
2021-06-26 17:00,,,,
2021-06-26 18:00,,,,
2021-06-26 19:00,,,,
2021-06-26 20:00,,,,
2021-06-26 21:00,,,,
2021-06-26 22:00,,,,
2021-06-26 23:00,,,,
2021-06-27 0:00,,,,
2021-06-27 1:00,,,,
2021-06-27 2:00,,,,
2021-06-27 3:00,,,,
2021-06-27 4:00,,,,
2021-06-27 5:00,,,,
2021-06-27 6:00,,,,
2021-06-27 7:00,,,,
2021-06-27 8:00,,,,
2021-06-27 9:00,,,,
2021-06-27 10:00,,,,
2021-06-27 11:00,,,,
2021-06-27 12:00,,,,
2021-06-27 13:00,,,,
2021-06-27 14:00,,,,
2021-06-27 15:00,,,,
2021-06-27 16:00,,,,
2021-06-27 17:00,,,,
2021-06-27 18:00,,,,
2021-06-27 19:00,,,,
2021-06-27 20:00,,,,
2021-06-27 21:00,,,,
2021-06-27 22:00,,,,
2021-06-27 23:00,,,,
2021-06-28 0:00,,,,
2021-06-28 1:00,,,,
2021-06-28 2:00,,,,
2021-06-28 3:00,,,,
2021-06-28 4:00,,,,
2021-06-28 5:00,,,,
2021-06-28 6:00,,,,
2021-06-28 7:00,,,,
2021-06-28 8:00,,,,
2021-06-28 9:00,,,,
2021-06-28 10:00,,,,
2021-06-28 11:00,,,,
2021-06-28 12:00,,,,
2021-06-28 13:00,,,,
2021-06-28 14:00,,,,
2021-06-28 15:00,,,,
2021-06-28 16:00,,,,
2021-06-28 17:00,,,,
2021-06-28 18:00,,,,
2021-06-28 19:00,,,,
2021-06-28 20:00,,,,
2021-06-28 21:00,,,,
2021-06-28 22:00,,,,
2021-06-28 23:00,,,,
2021-06-29 0:00,,,,
2021-06-29 1:00,,,,
2021-06-29 2:00,,,,
2021-06-29 3:00,,,,
2021-06-29 4:00,,,,
2021-06-29 5:00,,,,
2021-06-29 6:00,,,,
2021-06-29 7:00,,,,
2021-06-29 8:00,,,,
2021-06-29 9:00,,,,
2021-06-29 10:00,,,,
2021-06-29 11:00,,,,
2021-06-29 12:00,,,,
2021-06-29 13:00,,,,
2021-06-29 14:00,,,,
2021-06-29 15:00,,,,
2021-06-29 16:00,,,,
2021-06-29 17:00,,,,
2021-06-29 18:00,,,,
2021-06-29 19:00,,,,
2021-06-29 20:00,,,,
2021-06-29 21:00,,,,
2021-06-29 22:00,,,,
2021-06-29 23:00,,,,
2021-06-30 0:00,,,,
2021-06-30 1:00,,,,
2021-06-30 2:00,,,,
2021-06-30 3:00,,,,
2021-06-30 4:00,,,,
2021-06-30 5:00,,,,
2021-06-30 6:00,,,,
2021-06-30 7:00,,,,
2021-06-30 8:00,,,,
2021-06-30 9:00,,,,
2021-06-30 10:00,,,,
2021-06-30 11:00,,,,
2021-06-30 12:00,,,,
2021-06-30 13:00,,,,
2021-06-30 14:00,,,,
2021-06-30 15:00,,,,
2021-06-30 16:00,,,,
2021-06-30 17:00,,,,
2021-06-30 18:00,,,,
2021-06-30 19:00,,,,
2021-06-30 20:00,,,,
2021-06-30 21:00,,,,
2021-06-30 22:00,,,,
2021-06-30 23:00,,,,
2021-07-01 0:00,,,,
2021-07-01 1:00,,,,
2021-07-01 2:00,,,,
2021-07-01 3:00,,,,
2021-07-01 4:00,,,,
2021-07-01 5:00,,,,
2021-07-01 6:00,,,,
2021-07-01 7:00,,,,
2021-07-01 8:00,,,,
2021-07-01 9:00,,,,
2021-07-01 10:00,,,,
2021-07-01 11:00,,,,
2021-07-01 12:00,,,,
2021-07-01 13:00,,,,
2021-07-01 14:00,,,,
2021-07-01 15:00,,,,
2021-07-01 16:00,,,,
2021-07-01 17:00,,,,
2021-07-01 18:00,,,,
2021-07-01 19:00,,,,
2021-07-01 20:00,,,,
2021-07-01 21:00,,,,
2021-07-01 22:00,,,,
2021-07-01 23:00,,,,
2021-07-02 0:00,,,,
2021-07-02 1:00,,,,
2021-07-02 2:00,,,,
2021-07-02 3:00,,,,
2021-07-02 4:00,,,,
2021-07-02 5:00,,,,
2021-07-02 6:00,,,,
2021-07-02 7:00,,,,
2021-07-02 8:00,,,,
2021-07-02 9:00,,,,
2021-07-02 10:00,,,,
2021-07-02 11:00,,,,
2021-07-02 12:00,,,,
2021-07-02 13:00,,,,
2021-07-02 14:00,,,,
2021-07-02 15:00,,,,
2021-07-02 16:00,,,,
2021-07-02 17:00,,,,
2021-07-02 18:00,,,,
2021-07-02 19:00,,,,
2021-07-02 20:00,,,,
2021-07-02 21:00,,,,
2021-07-02 22:00,,,,
2021-07-02 23:00,,,,
2021-07-03 0:00,,,,
2021-07-03 1:00,,,,
2021-07-03 2:00,,,,
2021-07-03 3:00,,,,
2021-07-03 4:00,,,,
2021-07-03 5:00,,,,
2021-07-03 6:00,,,,
2021-07-03 7:00,,,,
2021-07-03 8:00,,,,
2021-07-03 9:00,,,,
2021-07-03 10:00,,,,
2021-07-03 11:00,,,,
2021-07-03 12:00,,,,
2021-07-03 13:00,,,,
2021-07-03 14:00,,,,
2021-07-03 15:00,,,,
2021-07-03 16:00,,,,
2021-07-03 17:00,,,,
2021-07-03 18:00,,,,
2021-07-03 19:00,,,,
2021-07-03 20:00,,,,
2021-07-03 21:00,,,,
2021-07-03 22:00,,,,
2021-07-03 23:00,,,,
2021-07-04 0:00,,,,
2021-07-04 1:00,,,,
2021-07-04 2:00,,,,
2021-07-04 3:00,,,,
2021-07-04 4:00,,,,
2021-07-04 5:00,,,,
2021-07-04 6:00,,,,
2021-07-04 7:00,,,,
2021-07-04 8:00,,,,
2021-07-04 9:00,,,,
2021-07-04 10:00,,,,
2021-07-04 11:00,,,,
2021-07-04 12:00,,,,
2021-07-04 13:00,,,,
2021-07-04 14:00,,,,
2021-07-04 15:00,,,,
2021-07-04 16:00,,,,
2021-07-04 17:00,,,,
2021-07-04 18:00,,,,
2021-07-04 19:00,,,,
2021-07-04 20:00,,,,
2021-07-04 21:00,,,,
2021-07-04 22:00,,,,
2021-07-04 23:00,,,,
2021-07-05 0:00,,,,
2021-07-05 1:00,,,,
2021-07-05 2:00,,,,
2021-07-05 3:00,,,,
2021-07-05 4:00,,,,
2021-07-05 5:00,,,,
2021-07-05 6:00,,,,
2021-07-05 7:00,,,,
2021-07-05 8:00,,,,
2021-07-05 9:00,,,,
2021-07-05 10:00,,,,
2021-07-05 11:00,,,,
2021-07-05 12:00,,,,
2021-07-05 13:00,,,,
2021-07-05 14:00,,,,
2021-07-05 15:00,,,,
2021-07-05 16:00,,,,
2021-07-05 17:00,,,,
2021-07-05 18:00,,,,
2021-07-05 19:00,,,,
2021-07-05 20:00,,,,
2021-07-05 21:00,,,,
2021-07-05 22:00,,,,
2021-07-05 23:00,,,,
2021-07-06 0:00,,,,
2021-07-06 1:00,,,,
2021-07-06 2:00,,,,
2021-07-06 3:00,,,,
2021-07-06 4:00,,,,
2021-07-06 5:00,,,,
2021-07-06 6:00,,,,
2021-07-06 7:00,,,,
2021-07-06 8:00,,,,
2021-07-06 9:00,,,,
2021-07-06 10:00,,,,
2021-07-06 11:00,,,,
2021-07-06 12:00,,,,
2021-07-06 13:00,,,,
2021-07-06 14:00,,,,
2021-07-06 15:00,,,,
2021-07-06 16:00,,,,
2021-07-06 17:00,,,,
2021-07-06 18:00,,,,
2021-07-06 19:00,,,,
2021-07-06 20:00,,,,
2021-07-06 21:00,,,,
2021-07-06 22:00,,,,
2021-07-06 23:00,,,,
2021-07-07 0:00,,,,
2021-07-07 1:00,,,,
2021-07-07 2:00,,,,
2021-07-07 3:00,,,,
2021-07-07 4:00,,,,
2021-07-07 5:00,,,,
2021-07-07 6:00,,,,
2021-07-07 7:00,,,,
2021-07-07 8:00,,,,
2021-07-07 9:00,,,,
2021-07-07 10:00,,,,
2021-07-07 11:00,,,,
2021-07-07 12:00,,,,
2021-07-07 13:00,,,,
2021-07-07 14:00,,,,
2021-07-07 15:00,,,,
2021-07-07 16:00,,,,
2021-07-07 17:00,,,,
2021-07-07 18:00,,,,
2021-07-07 19:00,,,,
2021-07-07 20:00,,,,
2021-07-07 21:00,,,,
2021-07-07 22:00,,,,
2021-07-07 23:00,,,,
2021-07-08 0:00,,,,
2021-07-08 1:00,,,,
2021-07-08 2:00,,,,
2021-07-08 3:00,,,,
2021-07-08 4:00,,,,
2021-07-08 5:00,,,,
2021-07-08 6:00,,,,
2021-07-08 7:00,,,,
2021-07-08 8:00,,,,
2021-07-08 9:00,,,,
2021-07-08 10:00,,,,
2021-07-08 11:00,,,,
2021-07-08 12:00,,,,
2021-07-08 13:00,,,,
2021-07-08 14:00,,,,
2021-07-08 15:00,,,,
2021-07-08 16:00,,,,
2021-07-08 17:00,,,,
2021-07-08 18:00,,,,
2021-07-08 19:00,,,,
2021-07-08 20:00,,,,
2021-07-08 21:00,,,,
2021-07-08 22:00,,,,
2021-07-08 23:00,,,,
2021-07-09 0:00,,,,
