,time,dangjin_floating,dangjin_warehouse,dangjin,ulsan
0,2021-02-01 0:00,0.00032015832,4.055604e-06,0.0002289526,-0.00019580821
1,2021-02-01 1:00,0.00032015832,4.055604e-06,0.0002289526,-0.00019580821
2,2021-02-01 2:00,0.00032015832,4.055604e-06,0.0002289526,-0.00019580821
3,2021-02-01 3:00,0.00032015832,4.055604e-06,0.0002289526,-0.00019580821
4,2021-02-01 4:00,0.00032015832,4.055604e-06,0.0002289526,-0.00019580821
5,2021-02-01 5:00,0.00032015832,4.055604e-06,0.0002289526,-0.00019580821
6,2021-02-01 6:00,0.00032015832,4.055604e-06,0.0002289526,0.09570045
7,2021-02-01 7:00,0.00032015832,2.8025727,3.1620991,5.8014607
8,2021-02-01 8:00,26.233088,32.134647,24.358007,6.694172
9,2021-02-01 9:00,95.00673,50.418003,60.28057,11.312714
10,2021-02-01 10:00,229.34518,136.33772,256.87436,40.66529
11,2021-02-01 11:00,324.94272,217.55464,349.14127,77.6131
12,2021-02-01 12:00,301.36188,219.65341,333.57394,86.08982
13,2021-02-01 13:00,150.63286,98.677315,197.42525,51.091934
14,2021-02-01 14:00,280.49335,168.25627,311.29034,86.468124
15,2021-02-01 15:00,227.15585,141.44891,233.4122,82.439644
16,2021-02-01 16:00,67.70736,65.66675,75.093254,42.941887
17,2021-02-01 17:00,16.556211,24.230318,27.78549,70.583115
18,2021-02-01 18:00,0.00032015832,4.055604e-06,0.0002289526,0.03640911
19,2021-02-01 19:00,0.00032015832,4.055604e-06,0.0002289526,-0.00019580821
20,2021-02-01 20:00,0.00032015832,4.055604e-06,0.0002289526,-0.00019580821
21,2021-02-01 21:00,0.00032015832,4.055604e-06,0.0002289526,-0.00019580821
22,2021-02-01 22:00,0.00032015832,4.055604e-06,0.0002289526,-0.00019580821
23,2021-02-01 23:00,0.00032015832,4.055604e-06,0.0002289526,-0.00019580821
24,2021-02-02 0:00,0.00032015832,4.055604e-06,0.0002289526,-0.00019580821
25,2021-02-02 1:00,0.00032015832,4.055604e-06,0.0002289526,-0.00019580821
26,2021-02-02 2:00,0.00032015832,4.055604e-06,0.0002289526,-0.00019580821
27,2021-02-02 3:00,0.00032015832,4.055604e-06,0.0002289526,-0.00019580821
28,2021-02-02 4:00,0.00032015832,4.055604e-06,0.0002289526,-0.00019580821
29,2021-02-02 5:00,0.00032015832,4.055604e-06,0.0002289526,-0.00019580821
30,2021-02-02 6:00,0.00032015832,4.055604e-06,0.0002289526,-0.00019580821
31,2021-02-02 7:00,0.00032015832,4.055604e-06,0.041148562,1.9084677
32,2021-02-02 8:00,38.781834,18.269419,25.575537,60.649593
33,2021-02-02 9:00,159.48196,109.12607,189.36816,172.24301
34,2021-02-02 10:00,432.13675,318.20215,367.5767,248.74678
35,2021-02-02 11:00,622.175,467.39514,526.48267,331.50085
36,2021-02-02 12:00,706.22375,510.89474,557.3891,366.7569
37,2021-02-02 13:00,705.21313,505.13748,557.30743,359.67422
38,2021-02-02 14:00,635.6159,473.35248,530.40015,335.8525
39,2021-02-02 15:00,520.3161,386.5207,455.86926,262.39725
40,2021-02-02 16:00,236.04274,135.25949,201.45816,122.20781
41,2021-02-02 17:00,55.500057,49.594696,48.14678,31.86415
42,2021-02-02 18:00,0.00032015832,4.055604e-06,0.0002289526,-0.00019580821
43,2021-02-02 19:00,0.00032015832,4.055604e-06,0.0002289526,-0.00019580821
44,2021-02-02 20:00,0.00032015832,4.055604e-06,0.0002289526,-0.00019580821
45,2021-02-02 21:00,0.00032015832,4.055604e-06,0.0002289526,-0.00019580821
46,2021-02-02 22:00,0.00032015832,4.055604e-06,0.0002289526,-0.00019580821
47,2021-02-02 23:00,0.00032015832,4.055604e-06,0.0002289526,-0.00019580821
48,2021-02-03 0:00,0.00032015832,4.055604e-06,0.0002289526,-0.00019580821
49,2021-02-03 1:00,0.00032015832,4.055604e-06,0.0002289526,-0.00019580821
50,2021-02-03 2:00,0.00032015832,4.055604e-06,0.0002289526,-0.00019580821
51,2021-02-03 3:00,0.00032015832,4.055604e-06,0.0002289526,-0.00019580821
52,2021-02-03 4:00,0.00032015832,4.055604e-06,0.0002289526,-0.00019580821
53,2021-02-03 5:00,0.00032015832,4.055604e-06,0.0002289526,-0.00019580821
54,2021-02-03 6:00,0.00032015832,4.055604e-06,0.0002289526,-0.00019580821
55,2021-02-03 7:00,0.00032015832,4.055604e-06,0.04724799,4.3069863
56,2021-02-03 8:00,67.416824,42.53998,35.311996,28.753407
57,2021-02-03 9:00,286.65933,191.11537,285.56534,145.60216
58,2021-02-03 10:00,511.97244,344.38998,466.5203,234.93423
59,2021-02-03 11:00,621.1553,451.10938,526.4799,272.95676
60,2021-02-03 12:00,693.8337,491.09814,557.86346,346.7863
61,2021-02-03 13:00,661.00653,476.005,554.8831,346.08527
62,2021-02-03 14:00,524.68036,377.497,476.34464,238.96248
63,2021-02-03 15:00,362.0392,264.0351,349.5427,222.89076
64,2021-02-03 16:00,251.69244,174.62488,273.1212,165.41385
65,2021-02-03 17:00,41.72935,42.75745,48.5448,31.572645
66,2021-02-03 18:00,0.00032015832,4.055604e-06,0.0002289526,-0.00019580821
67,2021-02-03 19:00,0.00032015832,4.055604e-06,0.0002289526,-0.00019580821
68,2021-02-03 20:00,0.00032015832,4.055604e-06,0.0002289526,-0.00019580821
69,2021-02-03 21:00,0.00032015832,4.055604e-06,0.0002289526,-0.00019580821
70,2021-02-03 22:00,0.00032015832,4.055604e-06,0.0002289526,-0.00019580821
71,2021-02-03 23:00,0.00032015832,4.055604e-06,0.0002289526,-0.00019580821
72,2021-02-04 0:00,0.00032015832,4.055604e-06,0.0002289526,-0.00019580821
73,2021-02-04 1:00,0.00032015832,4.055604e-06,0.0002289526,-0.00019580821
74,2021-02-04 2:00,0.00032015832,4.055604e-06,0.0002289526,-0.00019580821
75,2021-02-04 3:00,0.00032015832,4.055604e-06,0.0002289526,-0.00019580821
76,2021-02-04 4:00,0.00032015832,4.055604e-06,0.0002289526,-0.00019580821
77,2021-02-04 5:00,0.00032015832,4.055604e-06,0.0002289526,-0.00019580821
78,2021-02-04 6:00,0.00032015832,4.055604e-06,0.0002289526,-0.00019580821
79,2021-02-04 7:00,0.00032015832,4.055604e-06,0.05606166,2.0788577
80,2021-02-04 8:00,46.586235,32.65348,33.756878,34.26505
81,2021-02-04 9:00,246.40285,131.82393,245.34526,123.68398
82,2021-02-04 10:00,438.04413,317.36658,388.9945,248.88153
83,2021-02-04 11:00,617.47705,449.79498,517.43823,314.346
84,2021-02-04 12:00,693.8939,498.3664,556.179,356.79962
85,2021-02-04 13:00,699.0909,501.36694,557.2475,361.76163
86,2021-02-04 14:00,642.5277,479.26767,545.0155,344.53418
87,2021-02-04 15:00,524.81177,391.19894,465.46786,268.11813
88,2021-02-04 16:00,287.19812,213.9519,311.79535,169.72885
89,2021-02-04 17:00,78.609474,52.606255,73.92055,37.21397
90,2021-02-04 18:00,0.00032015832,4.055604e-06,0.0002289526,-0.00019580821
91,2021-02-04 19:00,0.00032015832,4.055604e-06,0.0002289526,-0.00019580821
92,2021-02-04 20:00,0.00032015832,4.055604e-06,0.0002289526,-0.00019580821
93,2021-02-04 21:00,0.00032015832,4.055604e-06,0.0002289526,-0.00019580821
94,2021-02-04 22:00,0.00032015832,4.055604e-06,0.0002289526,-0.00019580821
95,2021-02-04 23:00,0.00032015832,4.055604e-06,0.0002289526,-0.00019580821
96,2021-02-05 0:00,0.00032015832,4.055604e-06,0.0002289526,-0.00019580821
97,2021-02-05 1:00,0.00032015832,4.055604e-06,0.0002289526,-0.00019580821
98,2021-02-05 2:00,0.00032015832,4.055604e-06,0.0002289526,-0.00019580821
99,2021-02-05 3:00,0.00032015832,4.055604e-06,0.0002289526,-0.00019580821
100,2021-02-05 4:00,0.00032015832,4.055604e-06,0.0002289526,-0.00019580821
101,2021-02-05 5:00,0.00032015832,4.055604e-06,0.0002289526,-0.00019580821
102,2021-02-05 6:00,0.00032015832,4.055604e-06,0.0002289526,-0.00019580821
103,2021-02-05 7:00,0.00032015832,0.006578343,0.15579452,3.593403
104,2021-02-05 8:00,28.533838,36.4398,23.157606,16.466436
105,2021-02-05 9:00,122.17969,93.9051,158.25705,77.897
106,2021-02-05 10:00,254.87737,168.09772,292.0589,113.17178
107,2021-02-05 11:00,354.3658,264.45123,377.82385,167.76857
108,2021-02-05 12:00,614.3091,431.31,530.408,205.95676
109,2021-02-05 13:00,559.51135,392.76395,497.24808,180.14874
110,2021-02-05 14:00,483.44254,315.0751,464.49506,195.96542
111,2021-02-05 15:00,332.97168,255.28113,341.75415,182.49213
112,2021-02-05 16:00,227.78468,174.46654,231.76764,144.78108
113,2021-02-05 17:00,39.506927,41.356106,49.468887,20.367811
114,2021-02-05 18:00,0.00032015832,4.055604e-06,0.0002289526,-0.00019580821
115,2021-02-05 19:00,0.00032015832,4.055604e-06,0.0002289526,-0.00019580821
116,2021-02-05 20:00,0.00032015832,4.055604e-06,0.0002289526,-0.00019580821
117,2021-02-05 21:00,0.00032015832,4.055604e-06,0.0002289526,-0.00019580821
118,2021-02-05 22:00,0.00032015832,4.055604e-06,0.0002289526,-0.00019580821
119,2021-02-05 23:00,0.00032015832,4.055604e-06,0.0002289526,-0.00019580821
120,2021-02-06 0:00,0.00032015832,4.055604e-06,0.0002289526,-0.00019580821
121,2021-02-06 1:00,0.00032015832,4.055604e-06,0.0002289526,-0.00019580821
122,2021-02-06 2:00,0.00032015832,4.055604e-06,0.0002289526,-0.00019580821
123,2021-02-06 3:00,0.00032015832,4.055604e-06,0.0002289526,-0.00019580821
124,2021-02-06 4:00,0.00032015832,4.055604e-06,0.0002289526,-0.00019580821
125,2021-02-06 5:00,0.00032015832,4.055604e-06,0.0002289526,-0.00019580821
126,2021-02-06 6:00,0.00032015832,4.055604e-06,0.0002289526,-0.00019580821
127,2021-02-06 7:00,0.00032015832,1.1596407,1.9814241,3.003319
128,2021-02-06 8:00,28.63675,32.584576,25.759232,8.349799
129,2021-02-06 9:00,61.18886,42.09628,46.878918,11.947736
130,2021-02-06 10:00,114.07891,55.826515,77.79622,20.494308
131,2021-02-06 11:00,164.2755,96.36102,190.50076,41.470173
132,2021-02-06 12:00,195.9663,126.654594,234.10526,52.227623
133,2021-02-06 13:00,230.14613,141.67014,276.805,62.23114
134,2021-02-06 14:00,290.43192,198.76537,324.8073,90.93782
135,2021-02-06 15:00,195.45949,119.402596,206.17421,74.87662
136,2021-02-06 16:00,56.053032,51.680817,83.60387,89.922646
137,2021-02-06 17:00,19.115175,22.659674,24.075855,21.85823
138,2021-02-06 18:00,0.00032015832,4.055604e-06,0.0002289526,0.5069087
139,2021-02-06 19:00,0.00032015832,4.055604e-06,0.0002289526,-0.00019580821
140,2021-02-06 20:00,0.00032015832,4.055604e-06,0.0002289526,-0.00019580821
141,2021-02-06 21:00,0.00032015832,4.055604e-06,0.0002289526,-0.00019580821
142,2021-02-06 22:00,0.00032015832,4.055604e-06,0.0002289526,-0.00019580821
143,2021-02-06 23:00,0.00032015832,4.055604e-06,0.0002289526,-0.00019580821
144,2021-02-07 0:00,0.00032015832,4.055604e-06,0.0002289526,-0.00019580821
145,2021-02-07 1:00,0.00032015832,4.055604e-06,0.0002289526,-0.00019580821
146,2021-02-07 2:00,0.00032015832,4.055604e-06,0.0002289526,-0.00019580821
147,2021-02-07 3:00,0.00032015832,4.055604e-06,0.0002289526,-0.00019580821
148,2021-02-07 4:00,0.00032015832,4.055604e-06,0.0002289526,-0.00019580821
149,2021-02-07 5:00,0.00032015832,4.055604e-06,0.0002289526,-0.00019580821
150,2021-02-07 6:00,0.00032015832,4.055604e-06,0.0002289526,-0.00019580821
151,2021-02-07 7:00,0.00032015832,2.6684105,2.1247141,2.4411106
152,2021-02-07 8:00,15.846855,33.249172,20.756338,7.684027
153,2021-02-07 9:00,54.727966,49.051323,48.409756,11.420406
154,2021-02-07 10:00,148.75183,85.17702,151.01012,28.710203
155,2021-02-07 11:00,147.43947,100.03649,160.70695,31.527128
156,2021-02-07 12:00,258.86996,181.77034,287.67288,70.5241
157,2021-02-07 13:00,535.0365,372.8756,473.1581,198.93864
158,2021-02-07 14:00,587.614,424.69763,501.91833,259.79968
159,2021-02-07 15:00,475.09003,338.75098,405.42657,223.88269
160,2021-02-07 16:00,279.2267,175.8031,279.39075,136.41174
161,2021-02-07 17:00,49.76512,41.226006,46.581196,18.232458
162,2021-02-07 18:00,0.00032015832,4.055604e-06,0.0002289526,-0.00019580821
163,2021-02-07 19:00,0.00032015832,4.055604e-06,0.0002289526,-0.00019580821
164,2021-02-07 20:00,0.00032015832,4.055604e-06,0.0002289526,-0.00019580821
165,2021-02-07 21:00,0.00032015832,4.055604e-06,0.0002289526,-0.00019580821
166,2021-02-07 22:00,0.00032015832,4.055604e-06,0.0002289526,-0.00019580821
167,2021-02-07 23:00,0.00032015832,4.055604e-06,0.0002289526,-0.00019580821
168,2021-02-08 0:00,0.00032015832,4.055604e-06,0.0002289526,-0.00019580821
169,2021-02-08 1:00,0.00032015832,4.055604e-06,0.0002289526,-0.00019580821
170,2021-02-08 2:00,0.00032015832,4.055604e-06,0.0002289526,-0.00019580821
171,2021-02-08 3:00,0.00032015832,4.055604e-06,0.0002289526,-0.00019580821
172,2021-02-08 4:00,0.00032015832,4.055604e-06,0.0002289526,-0.00019580821
173,2021-02-08 5:00,0.00032015832,4.055604e-06,0.0002289526,-0.00019580821
174,2021-02-08 6:00,0.00032015832,4.055604e-06,0.0002289526,-0.00019580821
175,2021-02-08 7:00,0.00032015832,4.055604e-06,0.05919964,2.5347693
176,2021-02-08 8:00,35.963142,19.604458,21.31258,47.98984
177,2021-02-08 9:00,202.06833,128.95428,211.89659,176.67816
178,2021-02-08 10:00,483.7822,345.6711,426.96576,242.48964
179,2021-02-08 11:00,625.5458,473.74646,536.7648,333.15054
180,2021-02-08 12:00,705.3246,508.89752,558.6352,363.5983
181,2021-02-08 13:00,718.0895,519.7841,560.21906,374.6879
182,2021-02-08 14:00,672.2585,493.78754,550.6263,351.31708
183,2021-02-08 15:00,545.4622,418.8996,471.1608,266.17792
184,2021-02-08 16:00,367.60187,251.24683,318.91953,171.18903
185,2021-02-08 17:00,101.36958,57.681908,91.14785,23.546192
186,2021-02-08 18:00,0.00032015832,4.055604e-06,0.0002289526,-0.00019580821
187,2021-02-08 19:00,0.00032015832,4.055604e-06,0.0002289526,-0.00019580821
188,2021-02-08 20:00,0.00032015832,4.055604e-06,0.0002289526,-0.00019580821
189,2021-02-08 21:00,0.00032015832,4.055604e-06,0.0002289526,-0.00019580821
190,2021-02-08 22:00,0.00032015832,4.055604e-06,0.0002289526,-0.00019580821
191,2021-02-08 23:00,0.00032015832,4.055604e-06,0.0002289526,-0.00019580821
192,2021-02-09 0:00,0.00032015832,4.055604e-06,0.0002289526,-0.00019580821
193,2021-02-09 1:00,0.00032015832,4.055604e-06,0.0002289526,-0.00019580821
194,2021-02-09 2:00,0.00032015832,4.055604e-06,0.0002289526,-0.00019580821
195,2021-02-09 3:00,0.00032015832,4.055604e-06,0.0002289526,-0.00019580821
196,2021-02-09 4:00,0.00032015832,4.055604e-06,0.0002289526,-0.00019580821
197,2021-02-09 5:00,0.00032015832,4.055604e-06,0.0002289526,-0.00019580821
198,2021-02-09 6:00,0.00032015832,4.055604e-06,0.0002289526,-0.00019580821
199,2021-02-09 7:00,0.00032015832,4.055604e-06,0.06411696,3.14044
200,2021-02-09 8:00,68.60324,44.97265,35.79952,29.874548
201,2021-02-09 9:00,281.03488,190.81412,280.4092,175.27159
202,2021-02-09 10:00,469.71445,297.22076,437.948,250.9681
203,2021-02-09 11:00,606.40497,437.4504,509.22137,276.48752
204,2021-02-09 12:00,655.0268,479.55414,552.27716,344.82614
205,2021-02-09 13:00,663.8894,483.853,554.20056,354.52863
206,2021-02-09 14:00,620.7367,458.23996,529.3538,331.8448
207,2021-02-09 15:00,506.3839,369.3467,462.30026,263.40906
208,2021-02-09 16:00,277.43582,204.75824,315.3889,168.85002
209,2021-02-09 17:00,84.33237,54.32924,88.07975,38.948135
210,2021-02-09 18:00,0.00032015832,4.055604e-06,0.0002289526,-0.00019580821
211,2021-02-09 19:00,0.00032015832,4.055604e-06,0.0002289526,-0.00019580821
212,2021-02-09 20:00,0.00032015832,4.055604e-06,0.0002289526,-0.00019580821
213,2021-02-09 21:00,0.00032015832,4.055604e-06,0.0002289526,-0.00019580821
214,2021-02-09 22:00,0.00032015832,4.055604e-06,0.0002289526,-0.00019580821
215,2021-02-09 23:00,0.00032015832,4.055604e-06,0.0002289526,-0.00019580821
216,2021-02-10 0:00,0.00032015832,4.055604e-06,0.0002289526,-0.00019580821
217,2021-02-10 1:00,0.00032015832,4.055604e-06,0.0002289526,-0.00019580821
218,2021-02-10 2:00,0.00032015832,4.055604e-06,0.0002289526,-0.00019580821
219,2021-02-10 3:00,0.00032015832,4.055604e-06,0.0002289526,-0.00019580821
220,2021-02-10 4:00,0.00032015832,4.055604e-06,0.0002289526,-0.00019580821
221,2021-02-10 5:00,0.00032015832,4.055604e-06,0.0002289526,-0.00019580821
222,2021-02-10 6:00,0.00032015832,4.055604e-06,0.0002289526,-0.00019580821
223,2021-02-10 7:00,0.00032015832,0.32562074,0.45228118,2.9234276
224,2021-02-10 8:00,32.16086,38.77322,26.50752,12.182229
225,2021-02-10 9:00,169.00397,97.74103,162.63057,51.266888
226,2021-02-10 10:00,272.63287,195.94765,309.41333,115.28868
227,2021-02-10 11:00,380.48383,268.88464,381.8971,163.7947
228,2021-02-10 12:00,432.30225,293.26553,438.27756,174.62976
229,2021-02-10 13:00,309.3716,247.0665,333.9111,166.9207
230,2021-02-10 14:00,293.86594,234.1256,333.70056,177.06027
231,2021-02-10 15:00,267.29156,203.15016,286.4486,181.85135
232,2021-02-10 16:00,136.50658,130.45001,178.8689,127.33611
233,2021-02-10 17:00,13.591868,29.941576,30.007013,21.049866
234,2021-02-10 18:00,0.00032015832,4.055604e-06,0.0002289526,0.0049086004
235,2021-02-10 19:00,0.00032015832,4.055604e-06,0.0002289526,-0.00019580821
236,2021-02-10 20:00,0.00032015832,4.055604e-06,0.0002289526,-0.00019580821
237,2021-02-10 21:00,0.00032015832,4.055604e-06,0.0002289526,-0.00019580821
238,2021-02-10 22:00,0.00032015832,4.055604e-06,0.0002289526,-0.00019580821
239,2021-02-10 23:00,0.00032015832,4.055604e-06,0.0002289526,-0.00019580821
240,2021-02-11 0:00,0.00032015832,4.055604e-06,0.0002289526,-0.00019580821
241,2021-02-11 1:00,0.00032015832,4.055604e-06,0.0002289526,-0.00019580821
242,2021-02-11 2:00,0.00032015832,4.055604e-06,0.0002289526,-0.00019580821
243,2021-02-11 3:00,0.00032015832,4.055604e-06,0.0002289526,-0.00019580821
244,2021-02-11 4:00,0.00032015832,4.055604e-06,0.0002289526,-0.00019580821
245,2021-02-11 5:00,0.00032015832,4.055604e-06,0.0002289526,-0.00019580821
246,2021-02-11 6:00,0.00032015832,4.055604e-06,0.0002289526,-0.00019580821
247,2021-02-11 7:00,0.00032015832,2.1778004,1.9386158,2.7600877
248,2021-02-11 8:00,32.311012,37.557835,27.46267,7.9013505
249,2021-02-11 9:00,161.28304,98.8413,148.8227,27.375795
250,2021-02-11 10:00,311.67004,219.00175,319.94702,88.33461
251,2021-02-11 11:00,503.96753,351.02414,466.98285,198.73978
252,2021-02-11 12:00,605.61,442.7241,514.4266,307.70157
253,2021-02-11 13:00,587.9658,433.1502,504.1773,293.52557
254,2021-02-11 14:00,540.6552,401.10043,480.91385,274.80832
255,2021-02-11 15:00,388.5301,284.50323,360.13376,210.70892
256,2021-02-11 16:00,168.50954,105.37651,189.41093,78.77718
257,2021-02-11 17:00,10.123784,7.9936213,22.627733,9.817801
258,2021-02-11 18:00,0.00032015832,4.055604e-06,0.0002289526,-0.00019580821
259,2021-02-11 19:00,0.00032015832,4.055604e-06,0.0002289526,-0.00019580821
260,2021-02-11 20:00,0.00032015832,4.055604e-06,0.0002289526,-0.00019580821
261,2021-02-11 21:00,0.00032015832,4.055604e-06,0.0002289526,-0.00019580821
262,2021-02-11 22:00,0.00032015832,4.055604e-06,0.0002289526,-0.00019580821
263,2021-02-11 23:00,0.00032015832,4.055604e-06,0.0002289526,-0.00019580821
264,2021-02-12 0:00,0.00032015832,4.055604e-06,0.0002289526,-0.00019580821
265,2021-02-12 1:00,0.00032015832,4.055604e-06,0.0002289526,-0.00019580821
266,2021-02-12 2:00,0.00032015832,4.055604e-06,0.0002289526,-0.00019580821
267,2021-02-12 3:00,0.00032015832,4.055604e-06,0.0002289526,-0.00019580821
268,2021-02-12 4:00,0.00032015832,4.055604e-06,0.0002289526,-0.00019580821
269,2021-02-12 5:00,0.00032015832,4.055604e-06,0.0002289526,-0.00019580821
270,2021-02-12 6:00,0.00032015832,4.055604e-06,0.0002289526,-0.00019580821
271,2021-02-12 7:00,0.00032015832,0.8863582,0.9068317,2.8416018
272,2021-02-12 8:00,42.928047,41.02977,32.431664,10.976439
273,2021-02-12 9:00,242.06325,162.64049,256.3156,86.46992
274,2021-02-12 10:00,371.90176,263.21344,357.63028,188.83476
275,2021-02-12 11:00,517.0894,381.2161,476.7274,273.5204
276,2021-02-12 12:00,618.36487,458.8959,531.3119,331.85898
277,2021-02-12 13:00,622.2758,474.67194,540.85754,343.13892
278,2021-02-12 14:00,578.3804,438.49185,512.1542,325.46136
279,2021-02-12 15:00,464.82745,330.71356,447.31943,238.03789
280,2021-02-12 16:00,264.71243,189.79333,289.89453,146.69278
281,2021-02-12 17:00,62.712482,44.41127,54.656937,22.541052
282,2021-02-12 18:00,0.00032015832,4.055604e-06,0.056535624,0.10596026
283,2021-02-12 19:00,0.00032015832,4.055604e-06,0.0002289526,-0.00019580821
284,2021-02-12 20:00,0.00032015832,4.055604e-06,0.0002289526,-0.00019580821
285,2021-02-12 21:00,0.00032015832,4.055604e-06,0.0002289526,-0.00019580821
286,2021-02-12 22:00,0.00032015832,4.055604e-06,0.0002289526,-0.00019580821
287,2021-02-12 23:00,0.00032015832,4.055604e-06,0.0002289526,-0.00019580821
288,2021-02-13 0:00,0.00032015832,4.055604e-06,0.0002289526,-0.00019580821
289,2021-02-13 1:00,0.00032015832,4.055604e-06,0.0002289526,-0.00019580821
290,2021-02-13 2:00,0.00032015832,4.055604e-06,0.0002289526,-0.00019580821
291,2021-02-13 3:00,0.00032015832,4.055604e-06,0.0002289526,-0.00019580821
292,2021-02-13 4:00,0.00032015832,4.055604e-06,0.0002289526,-0.00019580821
293,2021-02-13 5:00,0.00032015832,4.055604e-06,0.0002289526,-0.00019580821
294,2021-02-13 6:00,0.00032015832,4.055604e-06,0.0002289526,-0.00019580821
295,2021-02-13 7:00,0.00032015832,0.4280315,0.5254724,2.885732
296,2021-02-13 8:00,48.962273,43.808117,35.477955,11.479689
297,2021-02-13 9:00,273.13104,180.83273,275.5607,82.18968
298,2021-02-13 10:00,388.2396,268.04605,360.2674,184.55229
299,2021-02-13 11:00,551.342,404.12122,489.55493,268.39627
300,2021-02-13 12:00,622.05975,470.4082,538.1758,338.66937
301,2021-02-13 13:00,623.83685,478.06122,541.59283,342.1516
302,2021-02-13 14:00,583.88025,438.61316,511.40765,323.0345
303,2021-02-13 15:00,432.78357,326.14984,453.11084,247.46509
304,2021-02-13 16:00,275.2307,200.68503,304.3706,148.56677
305,2021-02-13 17:00,73.29482,51.726124,59.01372,25.0334
306,2021-02-13 18:00,0.00032015832,4.055604e-06,0.08297862,0.09166611
307,2021-02-13 19:00,0.00032015832,4.055604e-06,0.0002289526,-0.00019580821
308,2021-02-13 20:00,0.00032015832,4.055604e-06,0.0002289526,-0.00019580821
309,2021-02-13 21:00,0.00032015832,4.055604e-06,0.0002289526,-0.00019580821
310,2021-02-13 22:00,0.00032015832,4.055604e-06,0.0002289526,-0.00019580821
311,2021-02-13 23:00,0.00032015832,4.055604e-06,0.0002289526,-0.00019580821
312,2021-02-14 0:00,0.00032015832,4.055604e-06,0.0002289526,-0.00019580821
313,2021-02-14 1:00,0.00032015832,4.055604e-06,0.0002289526,-0.00019580821
314,2021-02-14 2:00,0.00032015832,4.055604e-06,0.0002289526,-0.00019580821
315,2021-02-14 3:00,0.00032015832,4.055604e-06,0.0002289526,-0.00019580821
316,2021-02-14 4:00,0.00032015832,4.055604e-06,0.0002289526,-0.00019580821
317,2021-02-14 5:00,0.00032015832,4.055604e-06,0.0002289526,-0.00019580821
318,2021-02-14 6:00,0.00032015832,4.055604e-06,0.0002289526,-0.00019580821
319,2021-02-14 7:00,0.00032015832,1.3942906,1.833162,2.3825147
320,2021-02-14 8:00,42.067875,39.790348,32.674644,9.003899
321,2021-02-14 9:00,145.28275,78.84188,124.92961,23.82898
322,2021-02-14 10:00,290.04904,230.2187,324.09323,157.41386
323,2021-02-14 11:00,327.84753,262.83334,354.28223,180.28639
324,2021-02-14 12:00,304.10162,251.04648,339.62415,198.8507
325,2021-02-14 13:00,233.74422,182.99074,278.32654,149.49475
326,2021-02-14 14:00,231.32283,172.06522,269.1844,153.63007
327,2021-02-14 15:00,255.15036,182.25865,275.9911,156.38826
328,2021-02-14 16:00,62.782288,53.554405,81.065544,43.295544
329,2021-02-14 17:00,0.00032015832,5.9524393,16.782852,9.339311
330,2021-02-14 18:00,0.00032015832,4.055604e-06,0.0002289526,-0.00019580821
331,2021-02-14 19:00,0.00032015832,4.055604e-06,0.0002289526,-0.00019580821
332,2021-02-14 20:00,0.00032015832,4.055604e-06,0.0002289526,-0.00019580821
333,2021-02-14 21:00,0.00032015832,4.055604e-06,0.0002289526,-0.00019580821
334,2021-02-14 22:00,0.00032015832,4.055604e-06,0.0002289526,-0.00019580821
335,2021-02-14 23:00,0.00032015832,4.055604e-06,0.0002289526,-0.00019580821
336,2021-02-15 0:00,0.00032015832,4.055604e-06,0.0002289526,-0.00019580821
337,2021-02-15 1:00,0.00032015832,4.055604e-06,0.0002289526,-0.00019580821
338,2021-02-15 2:00,0.00032015832,4.055604e-06,0.0002289526,-0.00019580821
339,2021-02-15 3:00,0.00032015832,4.055604e-06,0.0002289526,-0.00019580821
340,2021-02-15 4:00,0.00032015832,4.055604e-06,0.0002289526,-0.00019580821
341,2021-02-15 5:00,0.00032015832,4.055604e-06,0.0002289526,-0.00019580821
342,2021-02-15 6:00,0.00032015832,4.055604e-06,0.0002289526,0.05050892
343,2021-02-15 7:00,0.00032015832,0.0014060179,0.16483532,3.0405278
344,2021-02-15 8:00,0.00032015832,9.702856,9.190497,10.675297
345,2021-02-15 9:00,20.347836,24.151701,28.03742,14.780877
346,2021-02-15 10:00,58.33955,45.464222,66.68263,25.761274
347,2021-02-15 11:00,223.02475,137.05724,266.26697,145.5962
348,2021-02-15 12:00,570.05536,395.06335,482.45996,256.5448
349,2021-02-15 13:00,721.05725,517.1465,559.15643,372.04694
350,2021-02-15 14:00,638.1912,478.75763,534.6267,336.65753
351,2021-02-15 15:00,479.98013,365.66336,389.03876,212.63902
352,2021-02-15 16:00,405.77664,248.59433,327.6182,173.06126
353,2021-02-15 17:00,148.06691,68.145836,122.447334,37.29509
354,2021-02-15 18:00,0.00032015832,4.055604e-06,0.0002289526,0.3246867
355,2021-02-15 19:00,0.00032015832,4.055604e-06,0.0002289526,-0.00019580821
356,2021-02-15 20:00,0.00032015832,4.055604e-06,0.0002289526,-0.00019580821
357,2021-02-15 21:00,0.00032015832,4.055604e-06,0.0002289526,-0.00019580821
358,2021-02-15 22:00,0.00032015832,4.055604e-06,0.0002289526,-0.00019580821
359,2021-02-15 23:00,0.00032015832,4.055604e-06,0.0002289526,-0.00019580821
360,2021-02-16 0:00,0.00032015832,4.055604e-06,0.0002289526,-0.00019580821
361,2021-02-16 1:00,0.00032015832,4.055604e-06,0.0002289526,-0.00019580821
362,2021-02-16 2:00,0.00032015832,4.055604e-06,0.0002289526,-0.00019580821
363,2021-02-16 3:00,0.00032015832,4.055604e-06,0.0002289526,-0.00019580821
364,2021-02-16 4:00,0.00032015832,4.055604e-06,0.0002289526,-0.00019580821
365,2021-02-16 5:00,0.00032015832,4.055604e-06,0.0002289526,-0.00019580821
366,2021-02-16 6:00,0.00032015832,4.055604e-06,0.0002289526,-0.00019580821
367,2021-02-16 7:00,0.00032015832,4.055604e-06,0.063461326,3.0992181
368,2021-02-16 8:00,75.12363,51.100456,48.083805,39.107327
369,2021-02-16 9:00,275.0527,168.40146,280.20746,164.8809
370,2021-02-16 10:00,473.84445,275.92313,374.709,246.033
371,2021-02-16 11:00,567.68726,418.80127,490.31403,305.24292
372,2021-02-16 12:00,585.037,424.29996,494.2299,302.88098
373,2021-02-16 13:00,353.6881,252.7901,327.49554,147.8302
374,2021-02-16 14:00,212.13295,146.20264,216.43747,75.5814
375,2021-02-16 15:00,311.5207,212.72643,300.86624,132.86313
376,2021-02-16 16:00,75.81568,132.25162,97.9573,161.9514
377,2021-02-16 17:00,87.32619,63.864,73.46855,50.00182
378,2021-02-16 18:00,0.00032015832,4.055604e-06,0.0002289526,0.02005081
379,2021-02-16 19:00,0.00032015832,4.055604e-06,0.0002289526,-0.00019580821
380,2021-02-16 20:00,0.00032015832,4.055604e-06,0.0002289526,-0.00019580821
381,2021-02-16 21:00,0.00032015832,4.055604e-06,0.0002289526,-0.00019580821
382,2021-02-16 22:00,0.00032015832,4.055604e-06,0.0002289526,-0.00019580821
383,2021-02-16 23:00,0.00032015832,4.055604e-06,0.0002289526,-0.00019580821
384,2021-02-17 0:00,0.00032015832,4.055604e-06,0.0002289526,-0.00019580821
385,2021-02-17 1:00,0.00032015832,4.055604e-06,0.0002289526,-0.00019580821
386,2021-02-17 2:00,0.00032015832,4.055604e-06,0.0002289526,-0.00019580821
387,2021-02-17 3:00,0.00032015832,4.055604e-06,0.0002289526,-0.00019580821
388,2021-02-17 4:00,0.00032015832,4.055604e-06,0.0002289526,-0.00019580821
389,2021-02-17 5:00,0.00032015832,4.055604e-06,0.0002289526,-0.00019580821
390,2021-02-17 6:00,0.00032015832,4.055604e-06,0.0002289526,-0.00019580821
391,2021-02-17 7:00,0.00032015832,4.055604e-06,0.026360543,3.48226
392,2021-02-17 8:00,41.433273,19.222786,28.057331,54.282604
393,2021-02-17 9:00,195.34254,120.321754,212.35056,160.13757
394,2021-02-17 10:00,333.36157,242.34761,318.31476,217.41174
395,2021-02-17 11:00,530.4524,385.22952,474.39777,287.81998
396,2021-02-17 12:00,633.75073,462.0739,543.0598,339.06265
397,2021-02-17 13:00,630.9292,466.63245,535.8422,337.51532
398,2021-02-17 14:00,688.3422,482.58844,548.69696,350.00882
399,2021-02-17 15:00,550.76984,408.50552,465.36908,268.03568
400,2021-02-17 16:00,315.08783,221.26448,282.04773,139.21344
401,2021-02-17 17:00,53.464825,47.69693,56.118275,26.26439
402,2021-02-17 18:00,0.00032015832,4.055604e-06,0.0002289526,-0.00019580821
403,2021-02-17 19:00,0.00032015832,4.055604e-06,0.0002289526,-0.00019580821
404,2021-02-17 20:00,0.00032015832,4.055604e-06,0.0002289526,-0.00019580821
405,2021-02-17 21:00,0.00032015832,4.055604e-06,0.0002289526,-0.00019580821
406,2021-02-17 22:00,0.00032015832,4.055604e-06,0.0002289526,-0.00019580821
407,2021-02-17 23:00,0.00032015832,4.055604e-06,0.0002289526,-0.00019580821
408,2021-02-18 0:00,0.00032015832,4.055604e-06,0.0002289526,-0.00019580821
409,2021-02-18 1:00,0.00032015832,4.055604e-06,0.0002289526,-0.00019580821
410,2021-02-18 2:00,0.00032015832,4.055604e-06,0.0002289526,-0.00019580821
411,2021-02-18 3:00,0.00032015832,4.055604e-06,0.0002289526,-0.00019580821
412,2021-02-18 4:00,0.00032015832,4.055604e-06,0.0002289526,-0.00019580821
413,2021-02-18 5:00,0.00032015832,4.055604e-06,0.0002289526,-0.00019580821
414,2021-02-18 6:00,0.00032015832,4.055604e-06,0.0002289526,-0.00019580821
415,2021-02-18 7:00,0.00032015832,4.055604e-06,0.023241773,3.0073502
416,2021-02-18 8:00,41.46234,21.23029,32.369255,62.987846
417,2021-02-18 9:00,216.02173,146.31425,226.92766,189.6166
418,2021-02-18 10:00,479.9137,345.9648,374.49753,249.46298
419,2021-02-18 11:00,653.435,485.64313,546.26587,344.2492
420,2021-02-18 12:00,723.01086,522.4428,560.68097,375.5196
421,2021-02-18 13:00,711.1194,514.72235,557.2789,368.7311
422,2021-02-18 14:00,679.2423,491.195,546.9902,354.65918
423,2021-02-18 15:00,522.59344,397.57144,458.90656,245.30489
424,2021-02-18 16:00,414.95377,262.6881,335.22336,179.31322
425,2021-02-18 17:00,82.16337,54.97591,81.32021,26.829157
426,2021-02-18 18:00,0.00032015832,4.055604e-06,0.00893433,0.14167082
427,2021-02-18 19:00,0.00032015832,4.055604e-06,0.0002289526,-0.00019580821
428,2021-02-18 20:00,0.00032015832,4.055604e-06,0.0002289526,-0.00019580821
429,2021-02-18 21:00,0.00032015832,4.055604e-06,0.0002289526,-0.00019580821
430,2021-02-18 22:00,0.00032015832,4.055604e-06,0.0002289526,-0.00019580821
431,2021-02-18 23:00,0.00032015832,4.055604e-06,0.0002289526,-0.00019580821
432,2021-02-19 0:00,0.00032015832,4.055604e-06,0.0002289526,-0.00019580821
433,2021-02-19 1:00,0.00032015832,4.055604e-06,0.0002289526,-0.00019580821
434,2021-02-19 2:00,0.00032015832,4.055604e-06,0.0002289526,-0.00019580821
435,2021-02-19 3:00,0.00032015832,4.055604e-06,0.0002289526,-0.00019580821
436,2021-02-19 4:00,0.00032015832,4.055604e-06,0.0002289526,-0.00019580821
437,2021-02-19 5:00,0.00032015832,4.055604e-06,0.0002289526,-0.00019580821
438,2021-02-19 6:00,0.00032015832,4.055604e-06,0.0002289526,-0.00019580821
439,2021-02-19 7:00,0.00032015832,4.055604e-06,0.06779339,3.789219
440,2021-02-19 8:00,106.0478,64.32518,73.11063,40.25347
441,2021-02-19 9:00,306.06284,213.7611,307.62524,155.5518
442,2021-02-19 10:00,434.337,274.3987,391.6965,195.39168
443,2021-02-19 11:00,571.64514,406.78412,508.82556,242.96535
444,2021-02-19 12:00,630.7557,464.07227,551.08856,311.40054
445,2021-02-19 13:00,642.6026,471.38153,553.22675,333.59732
446,2021-02-19 14:00,617.3413,437.4659,531.89496,301.88477
447,2021-02-19 15:00,496.891,331.6186,460.27936,217.90991
448,2021-02-19 16:00,271.59006,164.0449,301.3027,151.91081
449,2021-02-19 17:00,69.12238,48.25497,81.405365,42.42785
450,2021-02-19 18:00,0.00032015832,4.055604e-06,0.2309232,2.1654053
451,2021-02-19 19:00,0.00032015832,4.055604e-06,0.0002289526,-0.00019580821
452,2021-02-19 20:00,0.00032015832,4.055604e-06,0.0002289526,-0.00019580821
453,2021-02-19 21:00,0.00032015832,4.055604e-06,0.0002289526,-0.00019580821
454,2021-02-19 22:00,0.00032015832,4.055604e-06,0.0002289526,-0.00019580821
455,2021-02-19 23:00,0.00032015832,4.055604e-06,0.0002289526,-0.00019580821
456,2021-02-20 0:00,0.00032015832,4.055604e-06,0.0002289526,-0.00019580821
457,2021-02-20 1:00,0.00032015832,4.055604e-06,0.0002289526,-0.00019580821
458,2021-02-20 2:00,0.00032015832,4.055604e-06,0.0002289526,-0.00019580821
459,2021-02-20 3:00,0.00032015832,4.055604e-06,0.0002289526,-0.00019580821
460,2021-02-20 4:00,0.00032015832,4.055604e-06,0.0002289526,-0.00019580821
461,2021-02-20 5:00,0.00032015832,4.055604e-06,0.0002289526,-0.00019580821
462,2021-02-20 6:00,0.00032015832,4.055604e-06,0.0002289526,-0.00019580821
463,2021-02-20 7:00,0.00032015832,2.055774,2.3816385,3.0098119
464,2021-02-20 8:00,42.92061,43.59335,34.617504,10.168908
465,2021-02-20 9:00,205.39543,131.0225,203.9952,71.21789
466,2021-02-20 10:00,347.47144,249.81833,350.49048,141.55699
467,2021-02-20 11:00,530.63586,380.08868,480.43814,215.86774
468,2021-02-20 12:00,619.7728,462.07996,534.0156,331.1513
469,2021-02-20 13:00,622.98065,473.4112,543.36475,343.85663
470,2021-02-20 14:00,591.6752,443.93457,513.1067,320.65936
471,2021-02-20 15:00,482.7787,334.48254,458.4397,246.24666
472,2021-02-20 16:00,275.3337,203.18416,321.6453,168.36592
473,2021-02-20 17:00,106.983475,63.627193,115.420235,69.04132
474,2021-02-20 18:00,0.00032015832,0.010853439,1.4564844,2.7734163
475,2021-02-20 19:00,0.00032015832,4.055604e-06,0.0002289526,-0.00019580821
476,2021-02-20 20:00,0.00032015832,4.055604e-06,0.0002289526,-0.00019580821
477,2021-02-20 21:00,0.00032015832,4.055604e-06,0.0002289526,-0.00019580821
478,2021-02-20 22:00,0.00032015832,4.055604e-06,0.0002289526,-0.00019580821
479,2021-02-20 23:00,0.00032015832,4.055604e-06,0.0002289526,-0.00019580821
480,2021-02-21 0:00,0.00032015832,4.055604e-06,0.0002289526,-0.00019580821
481,2021-02-21 1:00,0.00032015832,4.055604e-06,0.0002289526,-0.00019580821
482,2021-02-21 2:00,0.00032015832,4.055604e-06,0.0002289526,-0.00019580821
483,2021-02-21 3:00,0.00032015832,4.055604e-06,0.0002289526,-0.00019580821
484,2021-02-21 4:00,0.00032015832,4.055604e-06,0.0002289526,-0.00019580821
485,2021-02-21 5:00,0.00032015832,4.055604e-06,0.0002289526,-0.00019580821
486,2021-02-21 6:00,0.00032015832,4.055604e-06,0.0002289526,-0.00019580821
487,2021-02-21 7:00,0.00032015832,1.1610458,2.8732686,5.0918236
488,2021-02-21 8:00,49.061714,42.43776,43.00386,10.148332
489,2021-02-21 9:00,211.26537,145.0765,216.10097,54.24474
490,2021-02-21 10:00,351.26608,264.94778,363.42282,200.00313
491,2021-02-21 11:00,507.2473,376.7658,479.6724,282.50107
492,2021-02-21 12:00,582.4043,430.9094,521.46454,344.00348
493,2021-02-21 13:00,603.83966,449.0288,532.547,349.7085
494,2021-02-21 14:00,553.9901,420.7178,508.74564,328.89438
495,2021-02-21 15:00,465.22308,326.10742,451.96652,258.82397
496,2021-02-21 16:00,277.45096,205.95633,328.729,171.90314
497,2021-02-21 17:00,109.44703,62.882156,121.5155,70.744125
498,2021-02-21 18:00,0.00032015832,0.05136407,2.1535146,2.0281081
499,2021-02-21 19:00,0.00032015832,4.055604e-06,0.0002289526,-0.00019580821
500,2021-02-21 20:00,0.00032015832,4.055604e-06,0.0002289526,-0.00019580821
501,2021-02-21 21:00,0.00032015832,4.055604e-06,0.0002289526,-0.00019580821
502,2021-02-21 22:00,0.00032015832,4.055604e-06,0.0002289526,-0.00019580821
503,2021-02-21 23:00,0.00032015832,4.055604e-06,0.0002289526,-0.00019580821
504,2021-02-22 0:00,0.00032015832,4.055604e-06,0.0002289526,-0.00019580821
505,2021-02-22 1:00,0.00032015832,4.055604e-06,0.0002289526,-0.00019580821
506,2021-02-22 2:00,0.00032015832,4.055604e-06,0.0002289526,-0.00019580821
507,2021-02-22 3:00,0.00032015832,4.055604e-06,0.0002289526,-0.00019580821
508,2021-02-22 4:00,0.00032015832,4.055604e-06,0.0002289526,-0.00019580821
509,2021-02-22 5:00,0.00032015832,4.055604e-06,0.0002289526,-0.00019580821
510,2021-02-22 6:00,0.00032015832,4.055604e-06,0.0002289526,0.04465711
511,2021-02-22 7:00,0.00032015832,2.6442862,3.4774957,5.1358685
512,2021-02-22 8:00,57.67833,42.826096,38.305626,8.541016
513,2021-02-22 9:00,213.34915,137.22542,208.77716,84.149796
514,2021-02-22 10:00,276.73117,200.25215,311.128,113.86302
515,2021-02-22 11:00,275.61893,231.24449,310.23523,81.582405
516,2021-02-22 12:00,475.24863,302.91522,453.60754,158.94252
517,2021-02-22 13:00,307.2639,248.80917,327.1557,110.42103
518,2021-02-22 14:00,252.99446,201.89099,287.27838,97.14144
519,2021-02-22 15:00,376.54596,274.66266,356.6786,214.61115
520,2021-02-22 16:00,318.62906,216.30898,316.91852,147.73068
521,2021-02-22 17:00,139.29045,64.18145,145.38036,29.627548
522,2021-02-22 18:00,0.00032015832,4.055604e-06,1.2018111,1.1616155
523,2021-02-22 19:00,0.00032015832,4.055604e-06,0.0002289526,-0.00019580821
524,2021-02-22 20:00,0.00032015832,4.055604e-06,0.0002289526,-0.00019580821
525,2021-02-22 21:00,0.00032015832,4.055604e-06,0.0002289526,-0.00019580821
526,2021-02-22 22:00,0.00032015832,4.055604e-06,0.0002289526,-0.00019580821
527,2021-02-22 23:00,0.00032015832,4.055604e-06,0.0002289526,-0.00019580821
528,2021-02-23 0:00,0.00032015832,4.055604e-06,0.0002289526,-0.00019580821
529,2021-02-23 1:00,0.00032015832,4.055604e-06,0.0002289526,-0.00019580821
530,2021-02-23 2:00,0.00032015832,4.055604e-06,0.0002289526,-0.00019580821
531,2021-02-23 3:00,0.00032015832,4.055604e-06,0.0002289526,-0.00019580821
532,2021-02-23 4:00,0.00032015832,4.055604e-06,0.0002289526,-0.00019580821
533,2021-02-23 5:00,0.00032015832,4.055604e-06,0.0002289526,-0.00019580821
534,2021-02-23 6:00,0.00032015832,4.055604e-06,0.0002289526,-0.00019580821
535,2021-02-23 7:00,0.00032015832,4.055604e-06,0.08007909,2.2296803
536,2021-02-23 8:00,47.95999,38.920475,40.94663,36.776096
537,2021-02-23 9:00,238.81206,158.6608,227.9761,178.50943
538,2021-02-23 10:00,503.36002,372.80878,463.1398,253.42815
539,2021-02-23 11:00,627.06256,473.3404,538.3673,336.55133
540,2021-02-23 12:00,704.43536,510.5618,557.8779,366.5881
541,2021-02-23 13:00,700.5993,510.58243,556.34186,366.0873
542,2021-02-23 14:00,654.3422,492.19238,545.24963,349.10226
543,2021-02-23 15:00,519.7226,393.61026,463.82858,258.37347
544,2021-02-23 16:00,346.0502,235.20686,317.79416,168.08813
545,2021-02-23 17:00,111.58996,60.63657,100.08317,29.95898
546,2021-02-23 18:00,0.00032015832,4.055604e-06,0.08745869,0.0033261334
547,2021-02-23 19:00,0.00032015832,4.055604e-06,0.0002289526,-0.00019580821
548,2021-02-23 20:00,0.00032015832,4.055604e-06,0.0002289526,-0.00019580821
549,2021-02-23 21:00,0.00032015832,4.055604e-06,0.0002289526,-0.00019580821
550,2021-02-23 22:00,0.00032015832,4.055604e-06,0.0002289526,-0.00019580821
551,2021-02-23 23:00,0.00032015832,4.055604e-06,0.0002289526,-0.00019580821
552,2021-02-24 0:00,0.00032015832,4.055604e-06,0.0002289526,-0.00019580821
553,2021-02-24 1:00,0.00032015832,4.055604e-06,0.0002289526,-0.00019580821
554,2021-02-24 2:00,0.00032015832,4.055604e-06,0.0002289526,-0.00019580821
555,2021-02-24 3:00,0.00032015832,4.055604e-06,0.0002289526,-0.00019580821
556,2021-02-24 4:00,0.00032015832,4.055604e-06,0.0002289526,-0.00019580821
557,2021-02-24 5:00,0.00032015832,4.055604e-06,0.0002289526,-0.00019580821
558,2021-02-24 6:00,0.00032015832,4.055604e-06,0.0002289526,-0.00019580821
559,2021-02-24 7:00,0.00032015832,4.055604e-06,0.08253167,1.745937
560,2021-02-24 8:00,43.79929,34.017654,36.335766,25.663237
561,2021-02-24 9:00,211.57251,120.442505,216.75932,141.92358
562,2021-02-24 10:00,308.29456,216.12631,311.41867,223.3902
563,2021-02-24 11:00,575.57794,436.34717,493.68265,320.97287
564,2021-02-24 12:00,671.71014,498.09326,554.3513,360.45248
565,2021-02-24 13:00,621.1375,468.57727,535.14764,341.17102
566,2021-02-24 14:00,517.63385,389.61865,467.23663,274.7332
567,2021-02-24 15:00,439.18387,316.58075,418.0933,238.68864
568,2021-02-24 16:00,300.01398,211.29405,313.45328,161.14903
569,2021-02-24 17:00,68.75914,47.40594,66.2403,25.005375
570,2021-02-24 18:00,0.00032015832,4.055604e-06,0.5044015,0.05977406
571,2021-02-24 19:00,0.00032015832,4.055604e-06,0.0002289526,-0.00019580821
572,2021-02-24 20:00,0.00032015832,4.055604e-06,0.0002289526,-0.00019580821
573,2021-02-24 21:00,0.00032015832,4.055604e-06,0.0002289526,-0.00019580821
574,2021-02-24 22:00,0.00032015832,4.055604e-06,0.0002289526,-0.00019580821
575,2021-02-24 23:00,0.00032015832,4.055604e-06,0.0002289526,-0.00019580821
576,2021-02-25 0:00,0.00032015832,4.055604e-06,0.0002289526,-0.00019580821
577,2021-02-25 1:00,0.00032015832,4.055604e-06,0.0002289526,-0.00019580821
578,2021-02-25 2:00,0.00032015832,4.055604e-06,0.0002289526,-0.00019580821
579,2021-02-25 3:00,0.00032015832,4.055604e-06,0.0002289526,-0.00019580821
580,2021-02-25 4:00,0.00032015832,4.055604e-06,0.0002289526,-0.00019580821
581,2021-02-25 5:00,0.00032015832,4.055604e-06,0.0002289526,-0.00019580821
582,2021-02-25 6:00,0.00032015832,4.055604e-06,0.0002289526,-0.00019580821
583,2021-02-25 7:00,0.00032015832,4.055604e-06,0.32064503,2.3521583
584,2021-02-25 8:00,71.236465,46.8677,37.688824,12.502484
585,2021-02-25 9:00,175.29771,110.74962,190.98347,46.935368
586,2021-02-25 10:00,200.55006,141.03593,236.18874,71.99344
587,2021-02-25 11:00,166.2541,130.36693,203.29631,106.88262
588,2021-02-25 12:00,156.12587,125.55154,193.47693,146.6466
589,2021-02-25 13:00,213.69012,166.41699,254.62813,211.48848
590,2021-02-25 14:00,213.28593,149.8748,252.66101,174.40012
591,2021-02-25 15:00,138.94035,97.551834,193.22655,100.40003
592,2021-02-25 16:00,33.9168,34.514164,41.30009,20.945778
593,2021-02-25 17:00,0.00032015832,1.9390235,7.016171,5.477392
594,2021-02-25 18:00,0.00032015832,4.055604e-06,0.0002289526,-0.00019580821
595,2021-02-25 19:00,0.00032015832,4.055604e-06,0.0002289526,-0.00019580821
596,2021-02-25 20:00,0.00032015832,4.055604e-06,0.0002289526,-0.00019580821
597,2021-02-25 21:00,0.00032015832,4.055604e-06,0.0002289526,-0.00019580821
598,2021-02-25 22:00,0.00032015832,4.055604e-06,0.0002289526,-0.00019580821
599,2021-02-25 23:00,0.00032015832,4.055604e-06,0.0002289526,-0.00019580821
600,2021-02-26 0:00,0.00032015832,4.055604e-06,0.0002289526,-0.00019580821
601,2021-02-26 1:00,0.00032015832,4.055604e-06,0.0002289526,-0.00019580821
602,2021-02-26 2:00,0.00032015832,4.055604e-06,0.0002289526,-0.00019580821
603,2021-02-26 3:00,0.00032015832,4.055604e-06,0.0002289526,-0.00019580821
604,2021-02-26 4:00,0.00032015832,4.055604e-06,0.0002289526,-0.00019580821
605,2021-02-26 5:00,0.00032015832,4.055604e-06,0.0002289526,-0.00019580821
606,2021-02-26 6:00,0.00032015832,4.055604e-06,0.0002289526,-0.00019580821
607,2021-02-26 7:00,0.00032015832,4.055604e-06,0.36398757,1.8225553
608,2021-02-26 8:00,43.78699,31.931755,32.62352,14.29905
609,2021-02-26 9:00,162.45277,114.16066,209.38695,91.21369
610,2021-02-26 10:00,471.7107,325.5674,411.58047,247.88902
611,2021-02-26 11:00,570.8455,439.077,507.90482,327.23514
612,2021-02-26 12:00,623.6302,472.1575,544.71643,348.26385
613,2021-02-26 13:00,662.5806,499.4966,555.7765,363.4696
614,2021-02-26 14:00,618.771,464.0472,541.0588,338.285
615,2021-02-26 15:00,502.2369,376.60858,476.10965,274.46982
616,2021-02-26 16:00,279.44257,177.69797,272.4452,145.5037
617,2021-02-26 17:00,30.592972,29.550354,42.306587,16.751999
618,2021-02-26 18:00,0.00032015832,4.055604e-06,0.15127316,-0.00019580821
619,2021-02-26 19:00,0.00032015832,4.055604e-06,0.0002289526,-0.00019580821
620,2021-02-26 20:00,0.00032015832,4.055604e-06,0.0002289526,-0.00019580821
621,2021-02-26 21:00,0.00032015832,4.055604e-06,0.0002289526,-0.00019580821
622,2021-02-26 22:00,0.00032015832,4.055604e-06,0.0002289526,-0.00019580821
623,2021-02-26 23:00,0.00032015832,4.055604e-06,0.0002289526,-0.00019580821
624,2021-02-27 0:00,0.00032015832,4.055604e-06,0.0002289526,-0.00019580821
625,2021-02-27 1:00,0.00032015832,4.055604e-06,0.0002289526,-0.00019580821
626,2021-02-27 2:00,0.00032015832,4.055604e-06,0.0002289526,-0.00019580821
627,2021-02-27 3:00,0.00032015832,4.055604e-06,0.0002289526,-0.00019580821
628,2021-02-27 4:00,0.00032015832,4.055604e-06,0.0002289526,-0.00019580821
629,2021-02-27 5:00,0.00032015832,4.055604e-06,0.0002289526,-0.00019580821
630,2021-02-27 6:00,0.00032015832,4.055604e-06,0.0002289526,-0.00019580821
631,2021-02-27 7:00,0.00032015832,0.35270998,1.7017524,1.1871222
632,2021-02-27 8:00,37.9705,31.964054,30.599802,7.3410473
633,2021-02-27 9:00,255.63673,143.39485,251.87172,43.299408
634,2021-02-27 10:00,438.56824,273.98666,376.00613,200.72739
635,2021-02-27 11:00,558.8332,418.8126,497.67154,321.26736
636,2021-02-27 12:00,630.4986,479.96097,552.5382,360.57257
637,2021-02-27 13:00,644.36084,490.00952,554.96985,364.92105
638,2021-02-27 14:00,605.33746,455.4814,525.23816,334.46692
639,2021-02-27 15:00,526.0418,386.04315,474.7211,275.4473
640,2021-02-27 16:00,337.7402,252.20412,340.47015,168.04436
641,2021-02-27 17:00,119.57832,63.232685,122.65546,42.4296
642,2021-02-27 18:00,0.00032015832,4.055604e-06,2.4925337,0.3792799
643,2021-02-27 19:00,0.00032015832,4.055604e-06,0.0002289526,-0.00019580821
644,2021-02-27 20:00,0.00032015832,4.055604e-06,0.0002289526,-0.00019580821
645,2021-02-27 21:00,0.00032015832,4.055604e-06,0.0002289526,-0.00019580821
646,2021-02-27 22:00,0.00032015832,4.055604e-06,0.0002289526,-0.00019580821
647,2021-02-27 23:00,0.00032015832,4.055604e-06,0.0002289526,-0.00019580821
648,2021-02-28 0:00,0.00032015832,4.055604e-06,0.0002289526,-0.00019580821
649,2021-02-28 1:00,0.00032015832,4.055604e-06,0.0002289526,-0.00019580821
650,2021-02-28 2:00,0.00032015832,4.055604e-06,0.0002289526,-0.00019580821
651,2021-02-28 3:00,0.00032015832,4.055604e-06,0.0002289526,-0.00019580821
652,2021-02-28 4:00,0.00032015832,4.055604e-06,0.0002289526,-0.00019580821
653,2021-02-28 5:00,0.00032015832,4.055604e-06,0.0002289526,-0.00019580821
654,2021-02-28 6:00,0.00032015832,4.055604e-06,0.0002289526,-0.00019580821
655,2021-02-28 7:00,0.00032015832,0.020973543,0.6091498,2.2385643
656,2021-02-28 8:00,65.29149,53.99042,61.18767,23.804388
657,2021-02-28 9:00,200.71559,130.86685,230.05122,80.01866
658,2021-02-28 10:00,170.53041,129.37895,216.27658,140.02126
659,2021-02-28 11:00,172.74068,133.4854,211.39885,180.02806
660,2021-02-28 12:00,292.6663,240.99927,340.3575,259.32208
661,2021-02-28 13:00,546.5299,416.1584,493.11847,315.77457
662,2021-02-28 14:00,360.78967,243.20204,344.02032,243.84776
663,2021-02-28 15:00,149.81369,108.81089,206.06894,126.96449
664,2021-02-28 16:00,105.205765,72.41237,118.33873,71.16886
665,2021-02-28 17:00,0.00032015832,2.5543222,11.300795,7.5739827
666,2021-02-28 18:00,0.00032015832,4.055604e-06,0.08072151,-0.00019580821
667,2021-02-28 19:00,0.00032015832,4.055604e-06,0.0002289526,-0.00019580821
668,2021-02-28 20:00,0.00032015832,4.055604e-06,0.0002289526,-0.00019580821
669,2021-02-28 21:00,0.00032015832,4.055604e-06,0.0002289526,-0.00019580821
670,2021-02-28 22:00,0.00032015832,4.055604e-06,0.0002289526,-0.00019580821
671,2021-02-28 23:00,0.00032015832,4.055604e-06,0.0002289526,-0.00019580821
